group,layer,head,image_count,aligned_area_mean,aligned_attention_mass_mean,aligned_micro_enrichment,shuffled_area_mean,shuffled_attention_mass_mean,shuffled_micro_enrichment,random_area_mean,random_attention_mass_mean,random_micro_enrichment,aligned_minus_random_mass_mean,aligned_minus_random_micro_enrichment,aligned_minus_shuffled_mass_mean,aligned_minus_shuffled_micro_enrichment
all,1,0,20565,0.06302979775742258,0.05550291685209968,0.8805821821880031,0.06302979786321249,0.06966315353116703,1.1052415824393136,0.06302979782843225,0.06285352395269354,0.997203324747788,-0.007350607100593861,-0.11662114255978484,-0.01416023667906736,-0.22465940025131048
all,1,1,20565,0.06302979775742258,0.06871468262509628,1.0901936079432244,0.06302979786321249,0.08087056246575955,1.2830528608272733,0.06302979782843225,0.06303966466620259,1.0001565424308863,0.005675017958893691,0.09003706551233814,-0.01215587984066327,-0.19285925288404893
all,1,2,20565,0.06302979775742258,0.06486531544876177,1.029121427588954,0.06302979786321249,0.07561022896793328,1.199594977791661,0.06302979782843225,0.06300991178229143,0.9996844977006757,0.0018554036664703366,0.029436929888278285,-0.010744913519171506,-0.17047355020270705
all,1,3,20565,0.06302979775742258,0.07126519508014956,1.1306587933920056,0.06302979786321249,0.0819370796232365,1.2999737013445078,0.06302979782843225,0.06305895331245502,1.0004625666752436,0.008206241767694541,0.130196226716762,-0.010671884543086936,-0.16931490795250226
all,1,4,20565,0.06302979775742258,0.0633103003887423,1.0044503178068136,0.06302979786321249,0.07510536398123628,1.1915850364018339,0.06302979782843225,0.06302227799063098,0.9998806939247729,0.00028802239811131694,0.004569623882040741,-0.011795063592493988,-0.1871347185950203
all,1,5,20565,0.06302979775742258,0.06227242651373083,0.987983917597093,0.06302979786321249,0.06817106742682667,1.0815688727857224,0.06302979782843225,0.06275475737218737,0.9956363424011998,-0.00048233085845653925,-0.007652424804106772,-0.00589864091309584,-0.09358495518862942
all,2,0,20565,0.06302979775742258,0.05806015158851499,0.921154020071049,0.06302979786321249,0.07389469411638049,1.1723771394086815,0.06302979782843225,0.06299294395230297,0.9994152943940962,-0.004932792363787981,-0.07826127432304719,-0.015834542527865484,-0.25122311933763253
all,2,1,20565,0.06302979775742258,0.060445850511341236,0.9590043544796707,0.06302979786321249,0.06905348895386192,1.0955689419109682,0.06302979782843225,0.06307170671894748,1.0006649059961974,-0.002625856207606242,-0.0416605515165267,-0.008607638442520674,-0.1365645874312975
all,2,2,20565,0.06302979775742258,0.0615658581631841,0.9767738490947945,0.06302979786321249,0.07684063192936094,1.219115950460777,0.06302979782843225,0.06300190416719006,0.9995574527889474,-0.0014360460040059666,-0.022783603694152887,-0.015274773766176851,-0.24234210136598244
all,2,3,20565,0.06302979775742258,0.06723342644365007,1.0666927205193588,0.06302979786321249,0.07530387014534651,1.1947344382853846,0.06302979782843225,0.06290543770262237,0.9980269629588789,0.0043279887410277015,0.06866575756047988,-0.008070443701696437,-0.1280417177660258
all,2,4,20565,0.06302979775742258,0.06410197469609846,1.0170106358710254,0.06302979786321249,0.08068091293161524,1.280043973910709,0.06302979782843225,0.0629097560131646,0.9980954751656607,0.001192218682933857,0.018915160705364698,-0.016578938235516767,-0.26303333803968365
all,2,5,20565,0.06302979775742258,0.06843550248044832,1.0857642720643055,0.06302979786321249,0.07306843280154598,1.1592680807912374,0.06302979782843225,0.06289859421786238,0.9979183875707962,0.005536908262585945,0.08784588449350927,-0.004632930321097664,-0.07350380872693196
references,1,0,18871,0.06348250746003686,0.055754573097763736,0.8782667120208197,0.06348250752241785,0.06979079944177397,1.0993705536462692,0.06348250753742088,0.06333018538752233,0.9976005650090498,-0.007575612289758594,-0.11933385298823007,-0.014036226344010232,-0.2211038416254495
references,1,1,18871,0.06348250746003686,0.0689593704491524,1.0862735768993264,0.06348250752241785,0.0809756233205629,1.2755580471040409,0.06348250753742088,0.06348294927027938,1.0000069583397952,0.0054764211788730305,0.0862666185595311,-0.012016252871410497,-0.1892844702047145
references,1,2,18871,0.06348250746003686,0.06501862757870502,1.0241975337794458,0.06348250752241785,0.07561374196730296,1.1910957036566514,0.06348250753742088,0.0635344472535953,1.0008181736700272,0.0014841803251097194,0.023379360109418545,-0.01059511438859794,-0.16689816987720563
references,1,3,18871,0.06348250746003686,0.07148589341294756,1.1260723035861326,0.06348250752241785,0.0820823227820377,1.2929911874235844,0.06348250753742088,0.06348884399140779,1.0000998141729542,0.007997049421539766,0.1259724894131784,-0.010596429369090143,-0.1669188838374518
references,1,4,18871,0.06348250746003686,0.06362357574828825,1.0022221599917143,0.06348250752241785,0.07524766771840491,1.1853291663350314,0.06348250753742088,0.06350567951076122,1.000365013516939,0.00011789623752702645,0.0018571464747751953,-0.011624091970116657,-0.1831070063433171
references,1,5,18871,0.06348250746003686,0.06261607436922705,0.9863516246368301,0.06348250752241785,0.06822118688530512,1.074645434590212,0.06348250753742088,0.06323654426363053,0.9961254953004911,-0.0006204698944034864,-0.009773870663660977,-0.0056051125160780845,-0.08829380995338176
references,2,0,18871,0.06348250746003686,0.05825109034653307,0.9175927775569194,0.06348250752241785,0.07408949174825896,1.167085148961632,0.06348250753742088,0.0634610788933768,0.9996624480526158,-0.005209988546843719,-0.08206967049569647,-0.01583840140172589,-0.2494923714047127
references,2,1,18871,0.06348250746003686,0.0607524810127026,0.9569956109712136,0.06348250752241785,0.06910982247749767,1.0886435519752053,0.06348250753742088,0.06351075004553805,1.0004448864610542,-0.0027582690328354473,-0.04344927548984068,-0.008357341464795064,-0.1316479410039918
references,2,2,18871,0.06348250746003686,0.06191970746458654,0.9753821949072486,0.06348250752241785,0.0771689752340759,1.2155943148090815,0.06348250753742088,0.06346283408205754,0.9996900964355929,-0.0015431266174709968,-0.024307901528344278,-0.015249267769489358,-0.2402121199018329
references,2,3,18871,0.06348250746003686,0.06728582064445507,1.0599111997397463,0.06348250752241785,0.07547359604327872,1.1888880730904712,0.06348250753742088,0.06335750764279185,0.9980309553059897,0.003928313001663213,0.061880244433756615,-0.008187775398823646,-0.12897687335072483
references,2,4,18871,0.06348250746003686,0.06417063189595724,1.0108395913055823,0.06348250752241785,0.08092718989574552,1.2747951058355302,0.06348250753742088,0.06335966420946039,0.998064926343874,0.0008109676864968535,0.012774664961708315,-0.016756557999788264,-0.2639555145299479
references,2,5,18871,0.06348250746003686,0.06884363772866062,1.0844505121666574,0.06348250752241785,0.07314156066833787,1.1521529870651228,0.06348250753742088,0.06339949723270412,0.998692390897322,0.005444140495956497,0.08575812126933546,-0.004297922939677242,-0.06770247489846537
union_queries,1,0,1694,0.05798665442918521,0.05269949003579062,0.9088210132927843,0.05798665498336062,0.06824119010810446,1.1768430189271377,0.05798665442918521,0.057543560581055274,0.9923586926596869,-0.004844070545264653,-0.0835376793669026,-0.015541700072313846,-0.2680220056343534
union_queries,1,1,1694,0.05798665442918521,0.06598888335852865,1.138001217833941,0.05798665498336062,0.07970019439598183,1.3744575268025365,0.05798665442918521,0.05810151605425928,1.0019808286269445,0.00788736730426937,0.13602038920699644,-0.013711311037453175,-0.2364563089685956
union_queries,1,2,1694,0.05798665442918521,0.06315743281927132,1.0891718696480548,0.05798665498336062,0.075571094521947,1.3032497657199276,0.05798665442918521,0.05716663617486796,0.9858585003327158,0.0059907966444033515,0.10331336931533897,-0.01241366170267569,-0.21407789607187278
union_queries,1,3,1694,0.05798665442918521,0.06880663650235713,1.1865943496772273,0.05798665498336062,0.0803190846229247,1.3851305036645485,0.05798665442918521,0.05827001175252718,1.0048865954784134,0.010536624749829946,0.1817077541988139,-0.011512448120567564,-0.19853615398732116
union_queries,1,4,1694,0.05798665442918521,0.0598204424857671,1.0316243120875574,0.05798665498336062,0.07352011382509432,1.2678798914369358,0.05798665442918521,0.05763723072293517,0.9939740667970979,0.0021832117628319343,0.03765024529045957,-0.013699671339327217,-0.23625557934937835
union_queries,1,5,1694,0.05798665442918521,0.058444221878980664,1.0078909096291155,0.05798665498336062,0.06761274135802403,1.166005202014595,0.05798665442918521,0.057387696906765914,0.9896707694500506,0.0010565249722147496,0.018220140179064925,-0.00916851947904337,-0.15811429238547947
union_queries,2,0,1694,0.05798665442918521,0.05593311186734732,0.9645859451273271,0.05798665498336062,0.07172466689608595,1.2369167857098755,0.05798665442918521,0.057777964933352036,0.9964010771463281,-0.001844853066004716,-0.03181513201900099,-0.015791555028738632,-0.2723308405825484
union_queries,2,1,1694,0.05798665442918521,0.057030015687734206,0.9835024325705966,0.05798665498336062,0.06842593896206042,1.1800290770642894,0.05798665442918521,0.058180805520014894,1.003348203008794,-0.001150789832280687,-0.019845770438197352,-0.011395923274326212,-0.19652664449369284
union_queries,2,2,1694,0.05798665442918521,0.057624010366982524,0.9937460771659873,0.05798665498336062,0.07318291880867699,1.2620648462939783,0.05798665442918521,0.05786718843326659,0.9979397673982983,-0.00024317806628406258,-0.004193690232310976,-0.015558908441694455,-0.268318769127991
union_queries,2,3,1694,0.05798665442918521,0.06664976000856199,1.1493982652500911,0.05798665498336062,0.07341313976112758,1.26603508655903,0.05798665442918521,0.05786942126759391,0.997978273401952,0.008780338740968084,0.15141999184813915,-0.006763379752565584,-0.11663682130893882
union_queries,2,4,1694,0.05798665442918521,0.0633371399700149,1.0922709818922878,0.05798665498336062,0.07793741084749611,1.3440577124143547,0.05798665442918521,0.05789782120071026,0.9984680401145848,0.005439318769304643,0.09380294177770299,-0.014600270877481211,-0.2517867305220669
union_queries,2,5,1694,0.05798665442918521,0.06388891433775777,1.1017865225485728,0.05798665498336062,0.07225379523729912,1.2460417876842953,0.05798665442918521,0.05731858194331774,0.988478857895081,0.006570332394440031,0.11330766465349174,-0.008364880899541353,-0.1442552651357225
standard_queries,1,0,740,0.06409594535424902,0.055896520956948,0.8720757709090022,0.06356206222160442,0.0697391940935238,1.097182685017098,0.0640959456764363,0.06389913156225875,0.9969293827854403,-0.00800261060531075,-0.12485361187643806,-0.013842673136575803,-0.2251069141080958
standard_queries,1,1,740,0.06409594535424902,0.07111242006759386,1.1094683084018153,0.06356206222160442,0.08383665664775951,1.318973200640804,0.0640959456764363,0.06405360219446389,0.9993393734732277,0.007058817873129974,0.11012893492858766,-0.012724236580165657,-0.2095048922389886
standard_queries,1,2,740,0.06409594535424902,0.06683580406211517,1.0427462094945843,0.06356206222160442,0.07621320590779589,1.199036079762236,0.0640959456764363,0.06272173344686224,0.9785600756011741,0.004114070615252933,0.06418613389341021,-0.009377401845680701,-0.15628987026765162
standard_queries,1,3,740,0.06409594535424902,0.07507047629034197,1.1712203615289283,0.06356206222160442,0.08459517408061672,1.3309066937709149,0.0640959456764363,0.06483353247513642,1.0115075421840805,0.010236943815205549,0.15971281934484782,-0.009524697790274749,-0.15968633224198658
standard_queries,1,4,740,0.06409594535424902,0.06638435542180732,1.0357028834649458,0.06356206222160442,0.07766755617953636,1.2219168709277268,0.0640959456764363,0.06315271065041826,0.9852840142061465,0.003231644771389059,0.05041886925879924,-0.011283200757729041,-0.18621398746278106
standard_queries,1,5,740,0.06409594535424902,0.06290420048140191,0.9814068601959061,0.06356206222160442,0.06981085965762267,1.0983101746169324,0.0640959456764363,0.06297139569714262,0.9824552088681159,-6.719521574071935e-05,-0.00104834867220982,-0.006906659176220765,-0.1169033144210263
standard_queries,2,0,740,0.06409594535424902,0.06080808115972055,0.9487040221287489,0.06356206222160442,0.07394502758979797,1.1633516126647072,0.0640959456764363,0.06410841436402218,1.0001945316112322,-0.003300333204301628,-0.05149050948248324,-0.013136946430077423,-0.21464759053595828
standard_queries,2,1,740,0.06409594535424902,0.0625183684197632,0.975387258495576,0.06356206222160442,0.07096307132695172,1.1164375233695885,0.0640959456764363,0.06400982757677903,0.9986564189240299,-0.0014914591570158262,-0.02326916042845395,-0.008444702907188519,-0.1410502648740125
standard_queries,2,2,740,0.06409594535424902,0.06300041258737847,0.9829079240376953,0.06356206222160442,0.07728712300996522,1.2159316470964927,0.0640959456764363,0.06387147240944811,0.9964978554474981,-0.0008710598220696321,-0.013589931409802802,-0.01428671042258675,-0.23302372305879737
standard_queries,2,3,740,0.06409594535424902,0.06894356608390809,1.0756306924387644,0.06356206222160442,0.07594468984249476,1.1948116091280867,0.0640959456764363,0.06377051605566128,0.994922773705254,0.005173050028246803,0.08070791873351046,-0.007001123758586678,-0.11918091668932229
standard_queries,2,4,740,0.06409594535424902,0.06539372070818333,1.020247386114078,0.06356206222160442,0.08129289061636538,1.278953007108922,0.0640959456764363,0.06426876878013482,1.0026963188057316,0.0011249519280485205,0.017551067308346324,-0.01589916990818204,-0.25870562099484395
standard_queries,2,5,740,0.06409594535424902,0.07216459967800089,1.125884005285476,0.06356206222160442,0.07452294206297075,1.1724437417268185,0.0640959456764363,0.06288501954561955,0.9811076017673623,0.009279580132381336,0.1447764035181136,-0.002358342384969866,-0.04655973644134259
night,1,0,55,0.0847302268851887,0.08434566421942277,0.9954613285021999,0.08473023094914177,0.10632401406764984,1.2548533489949942,0.08473022471774708,0.08782741901549426,1.0365535947539917,-0.003481754796071486,-0.04109226625179174,-0.021978349848227066,-0.2593920204927943
night,1,1,55,0.0847302268851887,0.11184442937374114,1.3200062537929087,0.08473023094914177,0.12152055529030886,1.4342054061347953,0.08473022471774708,0.08841290717775172,1.0434636220105915,0.023431522195989436,0.2765426317823172,-0.009676125916567717,-0.1141991523418866
night,1,2,55,0.0847302268851887,0.09617506644942543,1.1350738689717512,0.08473023094914177,0.12136623967777599,1.432384148116208,0.08473022471774708,0.08363704843954607,0.9870981543853731,0.012538018009879373,0.14797571458637815,-0.02519117322835055,-0.29731027914445685
night,1,3,55,0.0847302268851887,0.12728483351794156,1.5022364296323114,0.08473023094914177,0.13629044619473543,1.6085220666581452,0.08473022471774708,0.08398315500129352,0.9911829607564221,0.04330167851664803,0.5110534688758893,-0.00900561267679388,-0.10628563702583382
night,1,4,55,0.0847302268851887,0.10712423758073286,1.2642977780041653,0.08473023094914177,0.11566878150809895,1.3651418178893866,0.08473022471774708,0.08361668085510081,0.9868577728153595,0.02350755672563206,0.27744000518880585,-0.008544543927366083,-0.10084403988522128
night,1,5,55,0.0847302268851887,0.08997125950726596,1.0618555244656545,0.08473023094914177,0.09813969487493689,1.1582606795187893,0.08473022471774708,0.08762416324832223,1.0341547368747743,0.002347096258943731,0.027700787590880127,-0.008168435367670927,-0.09640515505313485
night,2,0,55,0.0847302268851887,0.11336052363569087,1.3378994463132599,0.08473023094914177,0.12398837425492026,1.463331007906053,0.08473022471774708,0.09168214689601552,1.0820477250169775,0.021678376739675348,0.2558517212962823,-0.010627850619229403,-0.12543156159279323
night,2,1,55,0.0847302268851887,0.10748815726150165,1.2685928176157304,0.08473023094914177,0.11763018586418846,1.388290631885501,0.08473022471774708,0.08738626539707184,1.0313470274411822,0.02010189186442982,0.23724579017454817,-0.010142028602686795,-0.11969781426977066
night,2,2,55,0.0847302268851887,0.09594343196262013,1.1323400808618813,0.08473023094914177,0.11987677216529846,1.4148052096925472,0.08473022471774708,0.08579990321939641,1.0126245210043128,0.01014352874322371,0.11971555985756854,-0.023933340202678333,-0.2824651288306659
night,2,3,55,0.0847302268851887,0.12673257372596047,1.4957185692148074,0.08473023094914177,0.13083621128038928,1.5441502969456324,0.08473022471774708,0.08643976666710594,1.0201762942923103,0.04029280705885454,0.4755422749224971,-0.004103637554428794,-0.04843172773082505
night,2,4,55,0.0847302268851887,0.12230331680991433,1.4434437544424137,0.08473023094914177,0.13471540754491632,1.5899332037201401,0.08473022471774708,0.08545551814816214,1.008560031946465,0.03684779866175218,0.43488372249594875,-0.012412090735001997,-0.14648944927772645
night,2,5,55,0.0847302268851887,0.10787841786037791,1.2731987370523097,0.08473023094914177,0.11841450956734743,1.3975473481055922,0.08473022471774708,0.08473376469178633,1.0000417793538379,0.023144653168591586,0.2731569576984718,-0.010536091706969522,-0.12434861105328254
winter2summer,1,0,586,0.056514590458925366,0.053350352516887335,0.9440102473300627,0.05651459193298968,0.07372028483618241,1.3044469103412055,0.056514590458925366,0.05629612664305112,0.996134382040103,-0.0029457741261637886,-0.05212413471004029,-0.02036993231929508,-0.36043666301114285
winter2summer,1,1,586,0.056514590458925366,0.06391178011463529,1.1308899099443386,0.05651459193298968,0.08084493693371173,1.4305143887364693,0.056514590458925366,0.05605931412138573,0.9919440920682149,0.007852465993249567,0.1389458178761237,-0.01693315681907644,-0.2996244787921307
winter2summer,1,2,586,0.056514590458925366,0.06331497904925636,1.1203297862571169,0.05651459193298968,0.07977801943897132,1.4116357689278813,0.056514590458925366,0.05655263969515778,1.000673263946946,0.00676233935409858,0.11965652231017088,-0.016463040389714974,-0.29130598267076446
winter2summer,1,3,586,0.056514590458925366,0.06419156558859145,1.1358405867816679,0.05651459193298968,0.08000692500257642,1.4156861487638803,0.056514590458925366,0.05629500596221448,0.996114552101895,0.007896559626376972,0.13972603467977285,-0.015815359413984976,-0.27984556198221244
winter2summer,1,4,586,0.056514590458925366,0.054894276700338585,0.9713292842533394,0.05651459193298968,0.07584227523019493,1.3419945652287892,0.056514590458925366,0.056284100788728086,0.9959215900119669,-0.0013898240883895054,-0.024592305758627475,-0.020947998529856345,-0.3706652809754498
winter2summer,1,5,586,0.056514590458925366,0.05781304463426306,1.0229755566623349,0.05651459193298968,0.07113655685024406,1.2587290187743352,0.056514590458925366,0.05630359717437349,0.996266569697515,0.0015094474598895695,0.026708986964819825,-0.013323512215981,-0.23575346211200032
winter2summer,2,0,586,0.056514590458925366,0.052941616301869006,0.9367778457201563,0.05651459193298968,0.07373845609343602,1.3047684424735644,0.056514590458925366,0.055682834304564034,0.985282452768266,-0.0027412180026950245,-0.04850460704810966,-0.020796839791567004,-0.36799059675340806
winter2summer,2,1,586,0.056514590458925366,0.0538910429728406,0.9535775192781136,0.05651459193298968,0.07079163995220202,1.2526258711403397,0.056514590458925366,0.056442889500148724,0.9987312841127504,-0.002551846527308121,-0.045153764834636734,-0.01690059697936142,-0.2990483518622261
winter2summer,2,2,586,0.056514590458925366,0.0530768320887785,0.9391704276323931,0.05651459193298968,0.07477729208052235,1.3231501727763877,0.056514590458925366,0.05631337349331674,0.9964395572192127,-0.003236541404538238,-0.05726912958681962,-0.021700459991743845,-0.3839797451439946
winter2summer,2,3,586,0.056514590458925366,0.06566311108999737,1.1618789158123886,0.05651459193298968,0.07616405843823842,1.347688372740043,0.056514590458925366,0.05689621199305414,1.0067526196514887,0.008766899096943222,0.1551262961608999,-0.010500947348241068,-0.1858094569276545
winter2summer,2,4,586,0.056514590458925366,0.06236935407489478,1.1035973819933214,0.05651459193298968,0.07979960570035585,1.4120177280051072,0.056514590458925366,0.055804103327622645,0.9874282530310627,0.006565250747272135,0.11616912896225862,-0.017430251625461073,-0.3084203460117858
winter2summer,2,5,586,0.056514590458925366,0.059999818875098365,1.06166953326338,0.05651459193298968,0.07589534654460034,1.3429336379990278,0.056514590458925366,0.056352667789429475,0.9971348519350313,0.0036471510856688886,0.06453468132834883,-0.01589552766950197,-0.28126410473564767
summer2winter,1,0,402,0.04557386771787366,0.04199203655739959,0.9214060306961986,0.04557386897701251,0.05016080203781192,1.1006483136885539,0.04557386771787366,0.043718555523430125,0.959289999130008,-0.0017265189660305334,-0.03788396843380937,-0.008168765480412328,-0.17924228299235523
summer2winter,1,1,402,0.04557386771787366,0.055039214148691194,1.2076924102517046,0.04557386897701251,0.06444018737202167,1.413972278818929,0.04557386771787366,0.046242793084849694,1.014677827458425,0.008796421063841502,0.19301458279327965,-0.00940097322333048,-0.20627986856722447
summer2winter,1,2,402,0.04557386771787366,0.05243116050300684,1.150465455940309,0.04557386897701251,0.06104782774618164,1.3395357716276888,0.04557386771787366,0.044802671378311607,0.9830781020312744,0.007628489124695237,0.16738735390903448,-0.008616667243174801,-0.18907031568737986
summer2winter,1,3,402,0.04557386771787366,0.05734348712681297,1.2582536878765587,0.04557386897701251,0.06532433743134548,1.4333726518653733,0.04557386771787366,0.04611612672208628,1.011898463557438,0.011227360404726692,0.2463552243191207,-0.007980850304532518,-0.17511896398881466
summer2winter,1,4,402,0.04557386771787366,0.04941647588066868,1.0843160423991836,0.04557386897701251,0.05805024800738737,1.2737616820873372,0.04557386771787366,0.0464938980940178,1.0201876738186808,0.0029225777866508794,0.06412836858050275,-0.008633772126718689,-0.18944563968815364
summer2winter,1,5,402,0.04557386771787366,0.04777695953762576,1.0483411202531767,0.04557386897701251,0.05331270116501817,1.1698085407650847,0.04557386771787366,0.044986642320554666,0.9871148658930108,0.002790317217071091,0.06122625436016593,-0.00553574162739241,-0.12146742051190795
summer2winter,2,0,402,0.04557386771787366,0.04426097583294434,0.9711920021127718,0.04557386897701251,0.05664694254328288,1.2429697942006117,0.04557386771787366,0.04522298809734002,0.9923008592839702,-0.0009620122643956794,-0.02110885717119837,-0.012385966710338545,-0.2717777920878399
summer2winter,2,1,402,0.04557386771787366,0.045374493035881674,0.9956252411310311,0.04557386897701251,0.052892626721912354,1.1605910998820712,0.04557386771787366,0.04654523242607861,1.0213140722270537,-0.0011707393901969367,-0.025688831096022602,-0.007518133686030682,-0.16496585875104008
summer2winter,2,2,402,0.04557386771787366,0.04946321169399791,1.0853415382736735,0.04557386897701251,0.05721582832343098,1.2554525127610008,0.04557386771787366,0.04591155445796266,1.0074096572662972,0.003551657236035246,0.07793188100737636,-0.007752616629433072,-0.17011097448732726
summer2winter,2,3,402,0.04557386771787366,0.056747757577202955,1.2451819522648722,0.04557386897701251,0.057492169509560744,1.261516101223704,0.04557386771787366,0.045177547126748964,0.9913037753657836,0.01157021045045399,0.25387817689908854,-0.0007444119323577862,-0.016334148958831785
summer2winter,2,4,402,0.04557386771787366,0.05388449153987997,1.1823550257672548,0.04557386897701251,0.06159090641909163,1.3514522203536883,0.04557386771787366,0.0456867889224306,1.0024777621521173,0.008197702617449362,0.17987726361513756,-0.007706414879211664,-0.16909719458643346
summer2winter,2,5,402,0.04557386771787366,0.04993500517431035,1.0956938191736203,0.04557386897701251,0.05587604736682811,1.2260545049403644,0.04557386771787366,0.04536993650948879,0.9955252600098085,0.00456506866482156,0.10016855916381184,-0.005941042192517757,-0.1303606857667441
