flat_index,place_index,view_index,place_label,donor_flat_index,donor_place_index,donor_place_label,latitude,longitude,year,month,heading,aligned_confidence_mean,shuffled_confidence_mean,aligned_delta_mean,aligned_delta_abs_mean,aligned_delta_abs_max,shuffled_delta_mean,shuffled_delta_abs_mean,shuffled_delta_abs_max,delta_abs_difference_mean,delta_abs_difference_max,target_abs_difference_mean,target_spatial_correlation,aligned_target_std,shuffled_target_std,selected,selection_reason
0,0,0,1189,156,39,854,6.252649637352291,-75.58542611180177,2013.0,8.0,85.0,0.43406522274017334,0.4097015857696533,0.0038620848208665848,0.07265962660312653,0.5412244200706482,5.6133281759684905e-05,0.07977915555238724,0.7826591730117798,0.07431422173976898,0.5927515029907227,0.09078775346279144,0.9692592024803162,0.8092325329780579,0.8022893071174622,False,
1,0,1,1189,157,39,854,6.252633358490825,-75.58543863752571,2015.0,9.0,104.0,0.43906262516975403,0.4366903603076935,0.004820613656193018,0.08168405294418335,0.48531797528266907,-0.006125552114099264,0.09192288666963577,0.6629533767700195,0.08691021054983139,0.4613754153251648,0.08622583746910095,0.9838757514953613,0.8254468441009521,0.8365623950958252,False,
2,0,2,1189,158,39,854,6.252659555402054,-75.58536198710352,2014.0,1.0,87.0,0.40396490693092346,0.39837926626205444,-0.0022837428841739893,0.07656288892030716,0.48603564500808716,-0.008805694989860058,0.10055246949195862,0.6014701724052429,0.08393494039773941,0.5393964052200317,0.05316685512661934,0.9938648343086243,0.8044835925102234,0.8228947520256042,False,
3,0,3,1189,159,39,854,6.25262925841031,-75.58543490325638,2016.0,3.0,106.0,0.4022901952266693,0.4287445545196533,0.010632283985614777,0.08981101214885712,0.46037566661834717,0.007782327942550182,0.1183357909321785,0.8957502841949463,0.10155396908521652,0.7569615244865417,0.0781281441450119,0.9864707589149475,0.8008736968040466,0.8120720982551575,False,
4,1,0,880,0,0,1189,6.24684463340343,-75.57647113011028,2015.0,9.0,546.0,0.4618692100048065,0.43406522274017334,0.003345541190356016,0.07360810041427612,0.5591114163398743,0.0019365207990631461,0.08053106814622879,0.479021281003952,0.08235786110162735,0.6302962303161621,0.09262920171022415,0.9677683711051941,0.7129579782485962,0.719262957572937,False,
5,1,1,880,1,0,1189,6.246847793744118,-75.57647316635779,2018.0,11.0,558.0,0.44712984561920166,0.43906262516975403,0.00037170384894125164,0.08276806771755219,0.42675065994262695,0.007387344725430012,0.08958730846643448,0.5891671180725098,0.07844561338424683,0.42735111713409424,0.09949783980846405,0.9705440402030945,0.8047417402267456,0.8014088273048401,False,
6,1,2,880,2,0,1189,6.246823851997748,-75.57649592397681,2019.0,6.0,550.0,0.4653376340866089,0.40396490693092346,0.0033662954811006784,0.08654255419969559,0.513688862323761,0.007113282568752766,0.09371317923069,0.6041868329048157,0.0876460000872612,0.6120660901069641,0.09015077352523804,0.9785135388374329,0.7761812806129456,0.7612171769142151,False,
7,1,3,880,3,0,1189,6.246844085608356,-75.57647155652008,2016.0,3.0,567.0,0.4608272612094879,0.4022901952266693,0.0023263590410351753,0.08315623551607132,0.5362924337387085,0.01248383242636919,0.07868057489395142,0.5770713686943054,0.07768528163433075,0.4966895282268524,0.06132611259818077,0.9892607927322388,0.8116002678871155,0.8192474842071533,False,
8,2,0,909,4,1,880,6.248040044281433,-75.60041425836373,2019.0,3.0,382.0,0.38860151171684265,0.4618692100048065,0.023356882855296135,0.13488750159740448,0.6737043261528015,0.0070897904224693775,0.1603522002696991,0.8775089979171753,0.1442868560552597,0.7107465267181396,0.11306824535131454,0.9669669270515442,0.7602851390838623,0.7654460668563843,True,top_aligned_delta
9,2,1,909,5,1,880,6.248054057514009,-75.60041881004608,2015.0,1.0,570.0,0.38077062368392944,0.44712984561920166,0.019796403124928474,0.12261290103197098,0.8073046803474426,0.015201508067548275,0.13837487995624542,0.6771702170372009,0.12682798504829407,0.8508137464523315,0.09625311195850372,0.9794238805770874,0.7840811610221863,0.7897037863731384,False,
10,2,2,909,6,1,880,6.248074301222723,-75.60043030635228,2015.0,9.0,548.0,0.3998434841632843,0.4653376340866089,0.029001129791140556,0.12508301436901093,0.6385862231254578,0.022975029423832893,0.16615593433380127,0.7939101457595825,0.14306634664535522,0.9104288220405579,0.11886096745729446,0.9656840562820435,0.7723492383956909,0.779994547367096,False,
11,2,3,909,7,1,880,6.248070302074329,-75.60043015908799,2013.0,6.0,553.0,0.37551817297935486,0.4608272612094879,0.02207851968705654,0.11622502654790878,0.8618620038032532,0.01274891011416912,0.1853521317243576,1.142305850982666,0.15369245409965515,1.0245022773742676,0.0833166092634201,0.982183575630188,0.8336294293403625,0.8350854516029358,False,
12,3,0,285,8,2,909,6.236160337908933,-75.58842791584337,2015.0,9.0,433.0,0.4608882963657379,0.38860151171684265,-0.0049748495221138,0.10558488219976425,0.8531768321990967,0.007746500428766012,0.09491012245416641,0.4492494761943817,0.08090867102146149,0.6875195503234863,0.09363410621881485,0.9735881686210632,0.8229436278343201,0.8188332319259644,False,
13,3,1,285,9,2,909,6.236182317477206,-75.58843359131919,2013.0,6.0,606.0,0.42260897159576416,0.38077062368392944,0.0009613223373889923,0.07624587416648865,0.4992636740207672,0.01107486430555582,0.06890638917684555,0.46895724534988403,0.06738828867673874,0.4102369546890259,0.055442627519369125,0.9904006123542786,0.8070026636123657,0.8103656768798828,False,
14,3,2,285,10,2,909,6.236183093237894,-75.58843772944266,2016.0,3.0,603.0,0.4283459782600403,0.3998434841632843,-0.0007800084422342479,0.08119753748178482,0.48346325755119324,0.009738579392433167,0.07959341257810593,0.711411714553833,0.07966572046279907,0.6970536112785339,0.06198706105351448,0.9876074194908142,0.8446396589279175,0.834385097026825,False,
15,3,3,285,11,2,909,6.236182190217581,-75.58845522293561,2019.0,6.0,607.0,0.42525187134742737,0.37551817297935486,-0.007250633556395769,0.08008287847042084,0.5916359424591064,0.0027913094963878393,0.0707581490278244,0.33588290214538574,0.07029702514410019,0.5015754103660583,0.07512825727462769,0.9845750331878662,0.7999107241630554,0.8044970035552979,False,
16,4,0,748,12,3,285,6.245136022119746,-75.60246112285053,2013.0,6.0,429.0,0.45692598819732666,0.4608882963657379,0.020496970042586327,0.1534121036529541,1.0655649900436401,0.00825595110654831,0.16986912488937378,0.8501446843147278,0.15701039135456085,1.020444631576538,0.12888656556606293,0.9512082934379578,0.7334344387054443,0.7315357327461243,True,top_aligned_delta
17,4,1,748,13,3,285,6.245131365260678,-75.6024331034905,2014.0,4.0,418.0,0.48806700110435486,0.42260897159576416,0.008840326219797134,0.10305960476398468,0.518415629863739,0.0022472613491117954,0.13946694135665894,1.9266676902770996,0.13580110669136047,2.019890546798706,0.0637640729546547,0.988825798034668,0.8111675977706909,0.8241367936134338,False,
18,4,2,748,14,3,285,6.245140635274516,-75.60242649387592,2016.0,3.0,432.0,0.48483213782310486,0.4283459782600403,0.006541665643453598,0.14671088755130768,2.284724235534668,0.008023381233215332,0.12659914791584015,1.201350212097168,0.1492612659931183,2.061190128326416,0.11363769322633743,0.9596930146217346,0.7857218980789185,0.7824506163597107,True,top_aligned_delta
19,4,3,748,15,3,285,6.245141499404373,-75.60245636351866,2019.0,3.0,431.0,0.46262842416763306,0.42525187134742737,0.0012752820039168,0.09699501097202301,0.5149413347244263,-0.0037288169842213392,0.1099848821759224,0.6085907220840454,0.10416275262832642,0.6583876013755798,0.08331166952848434,0.9814287424087524,0.8558241724967957,0.8594869375228882,False,
20,5,0,1059,16,4,748,6.249952923472931,-75.55643736803691,2019.0,4.0,336.0,0.4310533106327057,0.45692598819732666,0.0085835549980402,0.0707339495420456,0.47950050234794617,0.0026348112151026726,0.09582599252462387,0.7954823970794678,0.09547459334135056,0.9388217926025391,0.11578992009162903,0.9655665755271912,0.7109880447387695,0.7122076749801636,False,
21,5,1,1059,17,4,748,6.249958436884901,-75.55643332999085,2018.0,12.0,348.0,0.43757784366607666,0.48806700110435486,0.004024319350719452,0.07550275325775146,0.8526879549026489,-3.236106567783281e-05,0.10170096904039383,0.857954740524292,0.09291578829288483,0.7978662848472595,0.12908360362052917,0.9453766345977783,0.7153236269950867,0.7365796566009521,False,
22,5,2,1059,18,4,748,6.24995952293084,-75.55643692756328,2014.0,4.0,331.0,0.42623528838157654,0.48483213782310486,0.0037784737069159746,0.06390664726495743,0.9017874002456665,0.006122722756117582,0.09381255507469177,1.3239635229110718,0.08699598908424377,1.1400703191757202,0.06963053345680237,0.9889525771141052,0.7460314035415649,0.7405896782875061,False,
23,5,3,1059,19,4,748,6.249967565022656,-75.55647913173733,2013.0,10.0,352.0,0.42340460419654846,0.46262842416763306,0.002761802403256297,0.07337559759616852,0.46915343403816223,-0.009027143009006977,0.12564435601234436,1.0243464708328247,0.12477651238441467,0.8972163796424866,0.13339528441429138,0.9584885239601135,0.7264255881309509,0.7528322339057922,False,
24,6,0,125,20,5,1059,6.232968523594663,-75.58929698606617,2019.0,6.0,150.0,0.37600210309028625,0.4310533106327057,0.004311933647841215,0.04058656096458435,0.29870593547821045,0.003113263752311468,0.05871777981519699,0.2918371260166168,0.05154035612940788,0.2503969967365265,0.05204454064369202,0.9919935464859009,0.8182212114334106,0.8235052227973938,False,
25,6,1,125,21,5,1059,6.232952637201261,-75.58929008488182,2014.0,1.0,157.0,0.44617196917533875,0.43757784366607666,-0.0008574427920393646,0.05452790483832359,0.33090582489967346,0.00013128682621754706,0.05350637808442116,0.3462435007095337,0.051428377628326416,0.3154703378677368,0.03259960561990738,0.9976233839988708,0.8300681114196777,0.8322160243988037,False,
26,6,2,125,22,5,1059,6.232954173105261,-75.58929110905518,2013.0,5.0,152.0,0.4597417116165161,0.42623528838157654,0.002353138290345669,0.06819549947977066,0.7181450724601746,0.0023106492590159178,0.05970541387796402,0.33898505568504333,0.06620299816131592,0.5168888568878174,0.08104991912841797,0.9818387031555176,0.861373782157898,0.8514727354049683,False,
27,6,3,125,23,5,1059,6.232966211523064,-75.58927911944589,2016.0,3.0,326.0,0.49131152033805847,0.42340460419654846,0.002763398690149188,0.059995900839567184,0.30231308937072754,0.004493299406021833,0.06394609808921814,0.23936493694782257,0.062131863087415695,0.3132288455963135,0.07230604439973831,0.9848722219467163,0.7565474510192871,0.7669348120689392,False,
28,7,0,650,24,6,125,6.242807402790934,-75.5943493155997,2019.0,6.0,619.0,0.37853631377220154,0.37600210309028625,0.012780671007931232,0.09231345355510712,0.41516968607902527,0.01101495698094368,0.10269699990749359,0.7063068747520447,0.09553024917840958,0.4878634214401245,0.06921935081481934,0.9856588244438171,0.7713459134101868,0.7871249914169312,False,
29,7,1,650,25,6,125,6.242804508845063,-75.59434967041803,2018.0,12.0,601.0,0.4491184651851654,0.44617196917533875,0.005509750451892614,0.08224321156740189,0.3793799579143524,0.011048258282244205,0.10167322307825089,0.5369065403938293,0.08947142958641052,0.6563419699668884,0.08695927262306213,0.9774060845375061,0.8514416813850403,0.849113941192627,False,
30,7,2,650,26,6,125,6.242791961981375,-75.59435158471865,2013.0,12.0,596.0,0.42834410071372986,0.4597417116165161,0.0017365843523293734,0.06993617117404938,0.4045856297016144,-0.002509783487766981,0.08322165906429291,0.5630210041999817,0.07125411182641983,0.45742905139923096,0.09008502960205078,0.9810757637023926,0.8066180348396301,0.8214543461799622,False,
31,7,3,650,27,6,125,6.242821707985413,-75.5943327059564,2016.0,3.0,609.0,0.4376295506954193,0.49131152033805847,0.005225618369877338,0.0867185965180397,0.493667334318161,-0.0016339934663847089,0.14561067521572113,0.7845469117164612,0.13141760230064392,0.7222779393196106,0.12090699374675751,0.9580922722816467,0.7659711837768555,0.7621595859527588,True,random_audit
32,8,0,869,28,7,650,6.247108879708857,-75.58739702522575,2015.0,9.0,338.0,0.4731121361255646,0.37853631377220154,0.006083210464566946,0.08898920565843582,0.4470531940460205,-0.0018746351124718785,0.09107623994350433,0.6283193230628967,0.08100657910108566,0.6744770407676697,0.05236608907580376,0.989838719367981,0.8565584421157837,0.8609914183616638,False,
33,8,1,869,29,7,650,6.247122370203904,-75.58744092919999,2019.0,4.0,366.0,0.48893022537231445,0.4491184651851654,0.004742681514471769,0.0651230737566948,0.30664965510368347,0.0038249753415584564,0.07227838784456253,0.3433419466018677,0.06554442644119263,0.3538297414779663,0.08079858124256134,0.9819803237915039,0.7957884073257446,0.7988252639770508,False,
34,8,2,869,30,7,650,6.24710989082106,-75.58739621258317,2017.0,6.0,372.0,0.4764391779899597,0.42834410071372986,0.004830684047192335,0.07835502177476883,0.6304064989089966,0.0012259799987077713,0.09112682938575745,0.487155020236969,0.08175913989543915,0.4689536988735199,0.07018065452575684,0.9874944686889648,0.7430998682975769,0.7539187669754028,False,
35,8,3,869,31,7,650,6.247112510755563,-75.5874025397643,2015.0,1.0,354.0,0.4904009699821472,0.4376295506954193,0.014897043816745281,0.09495017677545547,0.9828742146492004,0.005925002973526716,0.09772069752216339,0.8331191539764404,0.0988079383969307,0.8860229253768921,0.05350465700030327,0.9925909042358398,0.8302767276763916,0.8181441426277161,False,
36,9,0,141,32,8,869,6.233171456315972,-75.57362508224631,2019.0,6.0,300.0,0.4565585255622864,0.4731121361255646,-0.0007869857945479453,0.05888998880982399,0.2809982895851135,0.0003363199648447335,0.08303829282522202,0.36634117364883423,0.07758736610412598,0.4936925768852234,0.08149664103984833,0.9836745262145996,0.8417637944221497,0.8259356021881104,False,
37,9,1,141,33,8,869,6.233161764035788,-75.57363472095489,2014.0,4.0,305.0,0.44485971331596375,0.48893022537231445,0.0027418402023613453,0.07163282483816147,0.48432883620262146,-0.0012807336170226336,0.07912813872098923,0.5043466091156006,0.07651855051517487,0.5854304432868958,0.07735719531774521,0.9802026748657227,0.831898033618927,0.8380023241043091,False,
38,9,2,141,34,8,869,6.233186548133436,-75.57358889979764,2015.0,1.0,306.0,0.45051854848861694,0.4764391779899597,0.01724974997341633,0.1056978777050972,0.9619044065475464,0.0061130705289542675,0.12549813091754913,0.6213313341140747,0.10426992177963257,1.0566245317459106,0.08616004884243011,0.9811248183250427,0.8228658437728882,0.8289468288421631,False,
39,9,3,141,35,8,869,6.233198320455386,-75.57359359988314,2013.0,6.0,307.0,0.4626804292201996,0.4904009699821472,0.013906247913837433,0.09948895871639252,0.6446112990379333,0.004039022605866194,0.13572290539741516,0.7764967083930969,0.12132653594017029,1.0107696056365967,0.07850968837738037,0.9823533892631531,0.837337851524353,0.8426097631454468,False,
40,10,0,778,36,9,141,6.245166031533983,-75.57232081801659,2014.0,1.0,224.0,0.4624851644039154,0.4565585255622864,0.0072095575742423534,0.08813074976205826,0.5144644975662231,0.0013944716192781925,0.11050289869308472,0.5649186968803406,0.09197895973920822,0.5953047871589661,0.11223187297582626,0.9738813042640686,0.7383831739425659,0.7460571527481079,False,
41,10,1,778,37,9,141,6.245143499769607,-75.57235006114576,2013.0,5.0,207.0,0.4729657769203186,0.44485971331596375,0.0038793347775936127,0.05664104223251343,0.2884899377822876,0.001139723346568644,0.06254269927740097,0.27661702036857605,0.05952420458197594,0.2867427170276642,0.08141165971755981,0.9822160601615906,0.8260321617126465,0.8289963603019714,False,
42,10,2,778,38,9,141,6.245177411030499,-75.5723561046763,2013.0,12.0,224.0,0.4254617393016815,0.45051854848861694,0.0030347637366503477,0.07411790639162064,0.46562016010284424,0.00025660888059064746,0.08317326754331589,0.471362829208374,0.07413675636053085,0.4490910768508911,0.06267091631889343,0.9891523718833923,0.8204739689826965,0.8173041939735413,False,
43,10,3,778,39,9,141,6.245165101184789,-75.5723737890297,2018.0,12.0,209.0,0.4323500096797943,0.4626804292201996,0.0036252092104405165,0.06431347876787186,0.2607949674129486,0.002797557972371578,0.07216136157512665,0.3751254975795746,0.05821077525615692,0.32653191685676575,0.10081589967012405,0.9776338934898376,0.798814594745636,0.8142963647842407,False,
44,11,0,231,40,10,778,6.23490899365399,-75.58970824323694,2015.0,1.0,91.0,0.39439547061920166,0.4624851644039154,0.00673724664375186,0.08926506340503693,0.5696002244949341,0.004510368686169386,0.11699546128511429,0.6027732491493225,0.11664588749408722,0.5682752132415771,0.07340212911367416,0.9875006675720215,0.8368517756462097,0.8419381380081177,False,
45,11,1,231,41,10,778,6.23491224310158,-75.58970647959173,2013.0,10.0,282.0,0.4023163318634033,0.4729657769203186,0.009532516822218895,0.10247878730297089,0.7731403708457947,-0.002613450400531292,0.12332303822040558,0.6428401470184326,0.12150706350803375,0.6938552856445312,0.08142586052417755,0.9839602708816528,0.8414923548698425,0.8386266827583313,False,
46,11,2,231,42,10,778,6.234908041841202,-75.58971204293907,2019.0,6.0,107.0,0.40794217586517334,0.4254617393016815,-0.004732935223728418,0.1082770973443985,0.5826863646507263,0.003043348900973797,0.10751904547214508,0.7389053702354431,0.10198439657688141,0.5378366112709045,0.08076784759759903,0.9849511384963989,0.7595426440238953,0.7700852751731873,False,
47,11,3,231,43,10,778,6.234913757755307,-75.5897079466006,2014.0,1.0,268.0,0.4409329295158386,0.4323500096797943,0.00328999781049788,0.08917815238237381,0.44398579001426697,0.0096874525770545,0.1279529631137848,0.7903645038604736,0.1250467449426651,0.4995967149734497,0.11136551201343536,0.9731823205947876,0.8299156427383423,0.8417332172393799,False,
48,12,0,129,44,11,231,6.233027077913945,-75.58549773330735,2019.0,6.0,360.0,0.4078369140625,0.39439547061920166,0.005635639186948538,0.08219356834888458,0.5943443179130554,0.00891764648258686,0.09387744218111038,0.5946363210678101,0.0832471176981926,0.5108973383903503,0.06070196256041527,0.9905656576156616,0.804719865322113,0.7988179922103882,False,
49,12,1,129,45,11,231,6.233016261259978,-75.58549614940972,2013.0,8.0,355.0,0.4415700435638428,0.4023163318634033,0.005296043120324612,0.08224831521511078,0.4450741410255432,0.010853767395019531,0.08948353677988052,0.45210278034210205,0.08043629676103592,0.47788798809051514,0.08954967558383942,0.9827775955200195,0.7990241050720215,0.8021571636199951,False,
50,12,2,129,46,11,231,6.232987747018583,-75.58549458085545,2015.0,1.0,169.0,0.43390703201293945,0.40794217586517334,0.004969955421984196,0.09357882291078568,0.6465514898300171,0.0014717057347297668,0.09539154917001724,0.7992980480194092,0.10377693176269531,0.7334437370300293,0.10069499909877777,0.9710663557052612,0.7782398462295532,0.8039479851722717,False,
51,12,3,129,47,11,231,6.23301035762579,-75.5855142759957,2013.0,5.0,374.0,0.4281647205352783,0.4409329295158386,0.00337880733422935,0.044846393167972565,0.19203099608421326,-0.002161185024306178,0.049479562789201736,0.2851788103580475,0.04505276307463646,0.3210766315460205,0.10670028626918793,0.9726047515869141,0.8090115189552307,0.8062591552734375,False,
52,13,0,503,48,12,129,6.240083652975986,-75.58243386156704,2018.0,12.0,590.0,0.45575201511383057,0.4078369140625,0.0012982466723769903,0.0850507840514183,0.4041481912136078,-0.0033006914891302586,0.08931659162044525,0.5588441491127014,0.08983030170202255,0.43594473600387573,0.061580948531627655,0.9891750812530518,0.798172116279602,0.7892835736274719,False,
53,13,1,503,49,12,129,6.240079049142564,-75.58242968051815,2013.0,5.0,566.0,0.47585156559944153,0.4415700435638428,-0.00527359452098608,0.06593289971351624,0.5056883692741394,0.00013845536159351468,0.06737110763788223,0.3519909083843231,0.07391951233148575,0.43132728338241577,0.07224959135055542,0.9865802526473999,0.8038719892501831,0.8002763390541077,False,
54,13,2,503,50,12,129,6.240079283256978,-75.58247179179531,2015.0,1.0,581.0,0.464813232421875,0.43390703201293945,-0.00455724960193038,0.06189535930752754,0.40445849299430847,-0.0003153173893224448,0.06491351872682571,0.42660602927207947,0.06127166748046875,0.3373698890209198,0.11315915733575821,0.9713406562805176,0.772306501865387,0.7890782952308655,False,
55,13,3,503,51,12,129,6.240082068298359,-75.58248030258211,2014.0,6.0,588.0,0.4593667685985565,0.4281647205352783,0.0021275498438626528,0.06407248973846436,0.4409223198890686,-0.006287770811468363,0.06746065616607666,0.4209033250808716,0.061660587787628174,0.44213128089904785,0.07364902645349503,0.9857730865478516,0.7329937815666199,0.7428305149078369,False,
56,14,0,1001,52,13,503,6.249086689194638,-75.56147511931931,2013.0,6.0,101.0,0.4234955310821533,0.45575201511383057,0.017090534791350365,0.09522151201963425,1.0187069177627563,0.0005115745007060468,0.09738156944513321,0.6888139843940735,0.09605592489242554,1.0720725059509277,0.09247694164514542,0.9787439703941345,0.7688376903533936,0.7752493023872375,False,
57,14,1,1001,53,13,503,6.249055833703941,-75.56148025245285,2013.0,8.0,102.0,0.45529425144195557,0.47585156559944153,0.007330296095460653,0.09874337166547775,0.5701888203620911,-0.0017163340235128999,0.12403149157762527,0.6889668703079224,0.10686025768518448,0.6254541277885437,0.14710527658462524,0.9467123746871948,0.744676947593689,0.7462496757507324,True,top_target_contrast
58,14,2,1001,54,13,503,6.249070931145095,-75.5614480072584,2017.0,6.0,119.0,0.40797269344329834,0.464813232421875,0.0056915199384093285,0.06852404773235321,0.38450196385383606,0.006377254147082567,0.10026833415031433,0.587373673915863,0.09205161035060883,0.7601368427276611,0.07474774122238159,0.9851608872413635,0.800267219543457,0.8009500503540039,False,
59,14,3,1001,55,13,503,6.249068977028123,-75.5614412034737,2019.0,7.0,105.0,0.3976951241493225,0.4593667685985565,0.006760201416909695,0.07771579176187515,0.8726661801338196,-0.0013493633596226573,0.10287438333034515,0.9700412750244141,0.1040477380156517,0.8097297549247742,0.09446514397859573,0.9721947908401489,0.7940390706062317,0.7808489799499512,False,
60,15,0,551,56,14,1001,6.241296905185094,-75.58768503064528,2017.0,8.0,159.0,0.4988820552825928,0.4234955310821533,0.008944472298026085,0.11815644055604935,0.6302664875984192,0.008566178381443024,0.10451491177082062,0.5973962545394897,0.1095106229186058,0.5861008167266846,0.10158208757638931,0.9752175807952881,0.7848043441772461,0.7858361601829529,False,
61,15,1,551,57,14,1001,6.241270672699454,-75.58770584220103,2019.0,6.0,154.0,0.4910433888435364,0.45529425144195557,0.010790776461362839,0.10569825768470764,0.5053033232688904,0.011566761881113052,0.10333520174026489,0.5303666591644287,0.0993574857711792,0.5428695678710938,0.06890398263931274,0.9848859906196594,0.7699487805366516,0.7608864307403564,False,
62,15,2,551,58,14,1001,6.241279606880159,-75.58770717526811,2013.0,9.0,142.0,0.47558221220970154,0.40797269344329834,0.004435264505445957,0.07016172260046005,0.7445082664489746,0.00089126022066921,0.06924687325954437,0.47255170345306396,0.07606847584247589,0.5740994811058044,0.05788151174783707,0.9918808937072754,0.806515097618103,0.8041278719902039,False,
63,15,3,551,59,14,1001,6.241287577838945,-75.58769779620833,2015.0,1.0,153.0,0.49490606784820557,0.3976951241493225,0.006481465417891741,0.09722363203763962,0.4704344868659973,0.01061536930501461,0.1001376062631607,1.0105143785476685,0.1111527681350708,1.3127949237823486,0.07512053102254868,0.9760861992835999,0.7934682369232178,0.8134809732437134,False,
64,16,0,459,60,15,551,6.239094584684769,-75.57359990964873,2013.0,8.0,603.0,0.41697537899017334,0.4988820552825928,-0.0005285497172735631,0.06817749887704849,0.34128883481025696,0.00787261687219143,0.09311112761497498,0.553232729434967,0.07866964489221573,0.5466156601905823,0.07795077562332153,0.9833609461784363,0.8036813735961914,0.8155646920204163,False,
65,16,1,459,61,15,551,6.239083886294885,-75.57363421669608,2013.0,5.0,575.0,0.4037058353424072,0.4910433888435364,0.0035023062955588102,0.059609442949295044,0.5246862173080444,0.0031179834622889757,0.08578348159790039,0.5292530059814453,0.07630577683448792,0.48736661672592163,0.07725027948617935,0.9837482571601868,0.7976568937301636,0.7894782423973083,False,
66,16,2,459,62,15,551,6.239088645777819,-75.57360393129113,2019.0,6.0,413.0,0.4480821192264557,0.47558221220970154,0.00206185900606215,0.06068260967731476,0.3479824364185333,0.006364150904119015,0.07920344173908234,0.6068047285079956,0.07369260489940643,0.5774633884429932,0.11054012179374695,0.9609929323196411,0.7771233916282654,0.7772250175476074,False,
67,16,3,459,63,15,551,6.239074088991553,-75.57360205660571,2017.0,6.0,599.0,0.4167630076408386,0.49490606784820557,-0.00028202301473356783,0.04573424160480499,0.23734302818775177,-0.0033518155105412006,0.06367937475442886,0.4847683608531952,0.052958350628614426,0.3617894947528839,0.0979861244559288,0.9787593483924866,0.7873781323432922,0.7961310148239136,False,
68,17,0,647,64,16,459,6.243044066706085,-75.59771066233968,2013.0,11.0,360.0,0.4247601628303528,0.41697537899017334,-0.002538730390369892,0.05453087389469147,0.25687453150749207,-0.0008579721907153726,0.05769429728388786,0.39938730001449585,0.056961461901664734,0.2888566553592682,0.06426556408405304,0.9887437224388123,0.769328773021698,0.7750952839851379,False,
69,17,1,647,65,16,459,6.243103021994113,-75.59771148109921,2013.0,6.0,341.0,0.5033631324768066,0.4037058353424072,0.00017934368224814534,0.08893970400094986,0.43062958121299744,2.9780578188365325e-05,0.08629525452852249,0.48345112800598145,0.07904038578271866,0.4205991327762604,0.1480569690465927,0.9436283111572266,0.7728649973869324,0.7863733768463135,True,top_target_contrast
70,17,2,647,66,16,459,6.243048651341645,-75.59771769119938,2019.0,3.0,337.0,0.4456731081008911,0.4480821192264557,-0.005199226085096598,0.08874188363552094,0.3800681233406067,0.010562347248196602,0.1008983924984932,0.6620661616325378,0.09092257916927338,0.5563510060310364,0.1127907782793045,0.9598711729049683,0.6812741160392761,0.687839925289154,False,
71,17,3,647,67,16,459,6.243061766120303,-75.59771641956317,2019.0,6.0,351.0,0.45455560088157654,0.4167630076408386,0.0024002892896533012,0.058511748909950256,0.31687015295028687,0.0012636382598429918,0.07568418234586716,0.5192425847053528,0.06625377386808395,0.4027132987976074,0.09388529509305954,0.9763493537902832,0.7172568440437317,0.7226013541221619,False,
72,18,0,923,68,17,647,6.24816737333818,-75.58641401806962,2019.0,7.0,86.0,0.45833852887153625,0.4247601628303528,0.012386895716190338,0.10047651827335358,0.6984797716140747,0.0010865668300539255,0.0937853753566742,0.48441076278686523,0.10234513878822327,0.6848254203796387,0.13633304834365845,0.9560223817825317,0.7857449650764465,0.796398937702179,False,
73,18,1,923,69,17,647,6.248196448420757,-75.58640148792965,2014.0,1.0,95.0,0.3846653401851654,0.5033631324768066,0.004813837353140116,0.0536409392952919,0.2801505923271179,0.008244832046329975,0.08073313534259796,0.6171525120735168,0.0690702348947525,0.5503076314926147,0.15846087038516998,0.9323318600654602,0.7497859597206116,0.7729930877685547,True,top_target_contrast
74,18,2,923,70,17,647,6.248167409516689,-75.5864422428779,2019.0,6.0,95.0,0.4631976783275604,0.4456731081008911,0.00867635291069746,0.08647887408733368,0.5546648502349854,0.002998263342306018,0.08627805858850479,0.4763043224811554,0.08149993419647217,0.39105233550071716,0.09922101348638535,0.9746463894844055,0.7766298055648804,0.7716182470321655,False,
75,18,3,923,71,17,647,6.24820835005114,-75.58642874738811,2015.0,9.0,76.0,0.3985508382320404,0.45455560088157654,0.00438223872333765,0.050762541592121124,0.3143453299999237,-0.002444314304739237,0.06905268877744675,0.40697288513183594,0.05814744159579277,0.37988850474357605,0.10241471230983734,0.9690018892288208,0.7834518551826477,0.7999610304832458,False,
76,19,0,823,72,18,923,6.246094855537528,-75.5800947247893,2019.0,6.0,251.0,0.4428393244743347,0.45833852887153625,0.0010052846046164632,0.08246921747922897,0.46579286456108093,0.0019472753629088402,0.10288742929697037,0.7609304785728455,0.08991590142250061,0.6729061603546143,0.10393574833869934,0.9652293920516968,0.7557104825973511,0.7448121905326843,False,
77,19,1,823,73,18,923,6.24611550136464,-75.5801068945555,2017.0,6.0,252.0,0.45256510376930237,0.3846653401851654,0.002975700655952096,0.0804208368062973,0.45394957065582275,0.009202009066939354,0.08791588991880417,0.7374372482299805,0.08558110892772675,0.6200606822967529,0.07609178870916367,0.9831185340881348,0.7769750356674194,0.7774133682250977,False,
78,19,2,823,74,18,923,6.246080727152913,-75.5801223438359,2016.0,3.0,242.0,0.41948965191841125,0.4631976783275604,0.007828326895833015,0.07080169767141342,0.5664039850234985,0.005862451158463955,0.08431683480739594,0.5124330520629883,0.08022072166204453,0.6843973994255066,0.05775909498333931,0.9930010437965393,0.80408775806427,0.8012455105781555,False,
79,19,3,823,75,18,923,6.246077776320409,-75.5800981294632,2017.0,7.0,225.0,0.4765058159828186,0.3985508382320404,0.004318855237215757,0.07885970175266266,0.6016430854797363,0.011731159873306751,0.07579711824655533,0.42718809843063354,0.08172941207885742,0.375313401222229,0.09847191721200943,0.9775190353393555,0.7818799614906311,0.7816035747528076,False,
80,20,0,163,76,19,823,6.234011228488777,-75.60442225373248,2015.0,9.0,266.0,0.44261762499809265,0.4428393244743347,0.013607189059257507,0.11729225516319275,0.6456085443496704,0.015430168248713017,0.12454718351364136,0.6332753896713257,0.10959304124116898,0.6196916103363037,0.0748656764626503,0.9876185059547424,0.7939255237579346,0.7857940196990967,False,
81,20,1,163,77,19,823,6.234016194292455,-75.60443092354322,2019.0,1.0,270.0,0.41264623403549194,0.45256510376930237,0.0035141424741595984,0.09174893796443939,1.003584623336792,0.008983452804386616,0.10590922832489014,0.7523733973503113,0.09211631864309311,0.7797917127609253,0.07252276688814163,0.9835392236709595,0.8404494524002075,0.8373875021934509,False,
82,20,2,163,78,19,823,6.234006967710849,-75.60440508680574,2013.0,5.0,258.0,0.43004313111305237,0.41948965191841125,-5.790317663922906e-05,0.11153856664896011,0.8243997693061829,0.0027943251188844442,0.12286180257797241,1.0849639177322388,0.10684344172477722,0.6334664821624756,0.0690862163901329,0.9848842024803162,0.8339532613754272,0.8303523659706116,False,
83,20,3,163,79,19,823,6.234019514771752,-75.60442605806269,2017.0,8.0,257.0,0.4027548134326935,0.4765058159828186,0.004635077901184559,0.0783558115363121,0.6039772033691406,0.00322304992005229,0.11578177660703659,0.4952751696109772,0.10306193679571152,0.4979006350040436,0.06181308627128601,0.9912739396095276,0.8439657092094421,0.8375635147094727,False,
84,21,0,779,80,20,163,6.245106442840507,-75.57146879468797,2014.0,9.0,536.0,0.44738084077835083,0.44261762499809265,0.009585547260940075,0.12009500712156296,0.5851907730102539,0.007280200254172087,0.13827095925807953,0.7586192488670349,0.13363054394721985,0.8100686073303223,0.1106295958161354,0.967731773853302,0.8139599561691284,0.8131353855133057,False,
85,21,1,779,81,20,163,6.245047292899907,-75.57145819454647,2014.0,8.0,545.0,0.4553334712982178,0.41264623403549194,0.010322855785489082,0.0845382958650589,1.26851224899292,0.012058926746249199,0.11121287941932678,1.1252557039260864,0.12088696658611298,1.2032124996185303,0.08398732542991638,0.9759882092475891,0.816537082195282,0.8214129209518433,False,
86,21,2,779,82,20,163,6.245066502224142,-75.57149759297043,2017.0,6.0,525.0,0.4873831570148468,0.43004313111305237,0.02439519762992859,0.15330179035663605,1.023221731185913,0.01193755492568016,0.14441372454166412,0.8075308799743652,0.12717366218566895,0.6072031259536743,0.10947507619857788,0.9675071239471436,0.798126220703125,0.8054498434066772,True,top_aligned_delta
87,21,3,779,83,20,163,6.245059976818654,-75.57141056104669,2019.0,3.0,522.0,0.42502889037132263,0.4027548134326935,0.009666204452514648,0.10398044437170029,0.4237045645713806,0.009519120678305626,0.11621309816837311,0.7819048166275024,0.10582148283720016,0.7190405130386353,0.08712300658226013,0.9770476222038269,0.8232971429824829,0.8165116906166077,False,
88,22,0,1034,84,21,779,6.250010569099807,-75.58144689840968,2014.0,2.0,507.0,0.4310869574546814,0.44738084077835083,0.0063005187548696995,0.07801734656095505,0.32512640953063965,0.005378455389291048,0.08517426997423172,0.5136033296585083,0.0752280205488205,0.4796384572982788,0.06690860539674759,0.9896481037139893,0.8192017078399658,0.8176059722900391,False,
89,22,1,1034,85,21,779,6.249995081480183,-75.58145545416994,2015.0,10.0,521.0,0.4596731960773468,0.4553334712982178,4.8708247049944475e-05,0.07265854626893997,0.4504942297935486,-0.0014716620789840817,0.07821162790060043,0.37362104654312134,0.07587988674640656,0.3612239956855774,0.05516346916556358,0.9915153384208679,0.7880659103393555,0.7820997834205627,False,
90,22,2,1034,86,21,779,6.249994212791297,-75.58145218800091,2019.0,4.0,513.0,0.4416778087615967,0.4873831570148468,0.005760473664849997,0.04939873516559601,0.26356759667396545,0.0032187323085963726,0.06765245646238327,0.28003114461898804,0.057485464960336685,0.23422153294086456,0.07273945957422256,0.9878227710723877,0.7703996300697327,0.7585733532905579,False,
91,22,3,1034,87,21,779,6.250016034551779,-75.58147757171596,2013.0,10.0,509.0,0.45509806275367737,0.42502889037132263,-0.0001513187016826123,0.06876124441623688,0.47422924637794495,0.0006750802276656032,0.065507672727108,0.30756792426109314,0.07018610835075378,0.3851144313812256,0.07051239907741547,0.9883385896682739,0.7886359691619873,0.7878126502037048,False,
92,23,0,431,88,22,1034,6.23886742856752,-75.60143426548991,2019.0,6.0,293.0,0.43192899227142334,0.4310869574546814,0.016132354736328125,0.08820280432701111,0.3895058333873749,0.017003856599330902,0.10993990302085876,0.6442363858222961,0.1072780042886734,0.5267929434776306,0.09214530885219574,0.9754267334938049,0.7741683125495911,0.7787649631500244,False,
93,23,1,431,89,22,1034,6.238890061847028,-75.6014309699944,2017.0,7.0,317.0,0.42844125628471375,0.4596731960773468,0.01066479180008173,0.07928873598575592,0.33653292059898376,0.009001721628010273,0.08228275924921036,0.461128294467926,0.07989391684532166,0.4570809006690979,0.0631929486989975,0.9889406561851501,0.8415132164955139,0.8398060202598572,False,
94,23,2,431,90,22,1034,6.238867597478778,-75.6014133160137,2013.0,5.0,289.0,0.4366467595100403,0.4416778087615967,0.0065543437376618385,0.06946545094251633,0.44288352131843567,0.010151092894375324,0.07436683773994446,0.3469788432121277,0.06981600821018219,0.38428160548210144,0.0673820897936821,0.989115297794342,0.7524172067642212,0.7589724659919739,False,
95,23,3,431,91,22,1034,6.238866982214056,-75.60145956099252,2019.0,3.0,295.0,0.4559033513069153,0.45509806275367737,0.0007642409764230251,0.0713643953204155,0.2858625054359436,0.016999028623104095,0.11383730173110962,0.7262985110282898,0.09970954060554504,0.7168986797332764,0.10745280236005783,0.971680760383606,0.7271659970283508,0.744232714176178,False,
96,24,0,663,92,23,431,6.243048791857425,-75.58123426377634,2017.0,7.0,252.0,0.4411695897579193,0.43192899227142334,0.01365362387150526,0.10390756279230118,0.9916043877601624,0.007765648420900106,0.11343710869550705,0.7426203489303589,0.10911092162132263,0.8536184430122375,0.08535245060920715,0.9804650545120239,0.7643294334411621,0.7747098207473755,False,
97,24,1,663,93,23,431,6.243054716611812,-75.58121259013814,2019.0,1.0,438.0,0.3799382448196411,0.42844125628471375,-0.0016244491562247276,0.08827972412109375,0.39003950357437134,-0.004372166004031897,0.12423007190227509,0.6381486058235168,0.0929679200053215,0.49741068482398987,0.08399997651576996,0.9795611500740051,0.8436154127120972,0.8410316705703735,False,
98,24,2,663,94,23,431,6.243052232964129,-75.58122170224836,2016.0,3.0,251.0,0.3972647488117218,0.4366467595100403,0.00776830967515707,0.09743242710828781,0.43441611528396606,-0.00553944380953908,0.13257703185081482,0.6916477680206299,0.09717867523431778,0.5066378116607666,0.09822599589824677,0.9722939729690552,0.8100212216377258,0.8014194369316101,False,
99,24,3,663,95,23,431,6.24303890972422,-75.58122667395827,2015.0,9.0,253.0,0.3946421146392822,0.4559033513069153,0.004740893375128508,0.08988381177186966,0.7291209697723389,-0.001060235546901822,0.1143822968006134,0.6006156802177429,0.09117511659860611,0.4511823058128357,0.09123645722866058,0.9800096750259399,0.8178562521934509,0.817650318145752,False,
100,25,0,84,96,24,663,6.232007151031313,-75.57742571929143,2014.0,4.0,331.0,0.4251992404460907,0.4411695897579193,0.009443731047213078,0.07486340403556824,0.4394386410713196,0.013526933267712593,0.11441395431756973,0.6354612112045288,0.09481963515281677,0.8595411777496338,0.06137485057115555,0.988085150718689,0.8593856692314148,0.8636862635612488,False,
101,25,1,84,97,24,663,6.232028957009744,-75.57743062880434,2015.0,1.0,322.0,0.4003326892852783,0.3799382448196411,0.008535753935575485,0.06225941702723503,0.3918769657611847,0.005237094592303038,0.0758480429649353,0.5073785781860352,0.06130468472838402,0.612403392791748,0.01790136843919754,0.9991551637649536,0.8556078672409058,0.8558933734893799,False,
102,25,2,84,98,24,663,6.232028993358042,-75.57746549584341,2014.0,9.0,305.0,0.35643845796585083,0.3972647488117218,0.004839926492422819,0.05815752223134041,0.7502803802490234,0.010312236845493317,0.09971589595079422,0.8479467630386353,0.0973425805568695,1.0375888347625732,0.06611431390047073,0.9832015037536621,0.7564441561698914,0.7676169276237488,False,
103,25,3,84,99,24,663,6.23203090330954,-75.57746480756288,2018.0,12.0,309.0,0.42877134680747986,0.3946421146392822,0.017140958458185196,0.0858864039182663,0.48752957582473755,0.016407232731580734,0.10238150507211685,0.5096015334129333,0.09357057511806488,0.5195688605308533,0.046454571187496185,0.9927658438682556,0.8696476221084595,0.8705452084541321,False,
104,26,0,944,100,25,84,6.247990792701188,-75.56558360569764,2015.0,1.0,342.0,0.4485112428665161,0.4251992404460907,0.006224561482667923,0.07893206924200058,0.4504888951778412,0.0011113861110061407,0.08910316228866577,0.8086848258972168,0.07841269671916962,0.5530014038085938,0.12855404615402222,0.9543115496635437,0.8310648202896118,0.8135170340538025,False,
105,26,1,944,101,25,84,6.248018738942647,-75.56552318733235,2014.0,7.0,355.0,0.4527438282966614,0.4003326892852783,0.01083441823720932,0.09059127420186996,0.5559066534042358,0.014459124766290188,0.10707292705774307,0.742353618144989,0.10133696347475052,0.526360034942627,0.11828239262104034,0.9696189165115356,0.7750635743141174,0.7839937806129456,False,
106,26,2,944,102,25,84,6.247974778885447,-75.5655540251429,2019.0,3.0,361.0,0.4595293402671814,0.35643845796585083,0.005400028079748154,0.09185035526752472,0.4899236261844635,0.0028140631038695574,0.08772449940443039,0.46384498476982117,0.08321468532085419,0.4429618716239929,0.06584353744983673,0.9866001605987549,0.7368678450584412,0.7514438629150391,False,
107,26,3,944,103,25,84,6.247992571428174,-75.56554578096811,2014.0,4.0,362.0,0.44011828303337097,0.42877134680747986,0.003797902027145028,0.09189751744270325,0.695388913154602,-3.279365409980528e-05,0.09783236682415009,0.7732669711112976,0.0831049382686615,0.6217487454414368,0.10555852949619293,0.9689249396324158,0.7671734094619751,0.7912845611572266,False,
108,27,0,185,104,26,944,6.233914546148845,-75.58271012373451,2019.0,6.0,359.0,0.4176044166088104,0.4485112428665161,0.006451398599892855,0.060464274138212204,0.283149778842926,0.007679574191570282,0.0801229402422905,0.3489513397216797,0.06391958147287369,0.40680480003356934,0.08205600082874298,0.9817008972167969,0.7741463780403137,0.7784896492958069,False,
109,27,1,185,105,26,944,6.233908079570689,-75.58270807581756,2017.0,6.0,345.0,0.4326881766319275,0.4527438282966614,0.0052157677710056305,0.055926911532878876,0.6237788796424866,0.0013362416066229343,0.07645931094884872,0.4927881062030792,0.0665443018078804,0.3653668761253357,0.09080870449542999,0.9766485691070557,0.7779999375343323,0.784413754940033,False,
110,27,2,185,106,26,944,6.233935886000271,-75.58270200436739,2017.0,7.0,368.0,0.42911016941070557,0.4595293402671814,0.006248870864510536,0.056073855608701706,0.32399630546569824,0.0009912782115861773,0.0654381662607193,0.5554682612419128,0.0544351264834404,0.38471317291259766,0.08445805311203003,0.98324054479599,0.7691501975059509,0.7780715823173523,False,
111,27,3,185,107,26,944,6.233936329768725,-75.58273358052547,2013.0,5.0,339.0,0.41776135563850403,0.44011828303337097,0.006037586368620396,0.07016422599554062,0.4079802632331848,0.0026772916316986084,0.08395674079656601,0.5065972805023193,0.08360671997070312,0.3980623483657837,0.07088839262723923,0.9857970476150513,0.7824603915214539,0.7879557013511658,False,
112,28,0,134,108,27,185,6.23318212618839,-75.58042736487471,2017.0,7.0,289.0,0.3783304691314697,0.4176044166088104,0.022845249623060226,0.09124750643968582,1.0647982358932495,0.009892057627439499,0.12451257556676865,0.8908163905143738,0.11728837341070175,0.8361798524856567,0.05055977404117584,0.9937612414360046,0.8640376329421997,0.8653464913368225,False,
113,28,1,134,109,27,185,6.233179932451555,-75.58042663895945,2013.0,5.0,262.0,0.3925376534461975,0.4326881766319275,0.029321471229195595,0.12236150354146957,0.5247278809547424,0.0076202694326639175,0.1494276225566864,0.640082061290741,0.13363142311573029,0.6342666149139404,0.07199311256408691,0.9851422905921936,0.8504635691642761,0.8479679822921753,False,
114,28,2,134,110,27,185,6.233205673231857,-75.5804160703706,2019.0,1.0,280.0,0.4213406443595886,0.42911016941070557,0.004131034482270479,0.07835166901350021,0.4430503249168396,0.00047019959311001003,0.11140196770429611,0.8250755667686462,0.11217541247606277,0.48012179136276245,0.06295353919267654,0.9900100827217102,0.7910568118095398,0.7857863903045654,False,
115,28,3,134,111,27,185,6.233184952927508,-75.58043047574242,2016.0,3.0,288.0,0.4500645101070404,0.41776135563850403,0.014028414152562618,0.0889502763748169,0.3760834336280823,0.006091173272579908,0.08495166152715683,0.5987899303436279,0.08977995067834854,0.4724781811237335,0.0923074334859848,0.9795038104057312,0.795602560043335,0.80229252576828,False,
116,29,0,74,112,28,134,6.231826628709253,-75.5874932164232,2015.0,1.0,488.0,0.45583173632621765,0.3783304691314697,-0.0020592145156115294,0.0906735360622406,0.72635817527771,0.014499153010547161,0.10716691613197327,0.7598073482513428,0.10132235288619995,0.4838106632232666,0.08813700079917908,0.9797486662864685,0.8212350010871887,0.8225076198577881,False,
117,29,1,74,113,28,134,6.231843934530048,-75.58748880691999,2017.0,8.0,473.0,0.46943601965904236,0.3925376534461975,0.00024780858075246215,0.08370864391326904,0.47030842304229736,0.015041203238070011,0.12100525200366974,1.0054609775543213,0.10778354108333588,0.7904806137084961,0.12283263355493546,0.967427134513855,0.7420285940170288,0.767882764339447,False,
118,29,2,74,114,28,134,6.231848309700529,-75.58749128546656,2019.0,6.0,470.0,0.4288164973258972,0.4213406443595886,0.008070163428783417,0.09292735159397125,0.4042389392852783,0.0005900132819078863,0.12964212894439697,0.8858452439308167,0.11178670823574066,0.7371240854263306,0.10698138922452927,0.9765608906745911,0.7306355834007263,0.7477532029151917,False,
119,29,3,74,115,28,134,6.231823131040676,-75.58750264143069,2013.0,7.0,475.0,0.4531742036342621,0.4500645101070404,-0.007625286467373371,0.12290207296609879,0.7453023195266724,0.011353913694620132,0.11648514866828918,0.8279323577880859,0.12308657169342041,0.6291906237602234,0.10358180105686188,0.9742057919502258,0.7684324383735657,0.7635579109191895,False,
120,30,0,658,116,29,74,6.242873959128627,-75.58637947793703,2015.0,11.0,601.0,0.4771977663040161,0.45583173632621765,0.006780248135328293,0.07170623540878296,0.30242857336997986,0.0016410439275205135,0.08328282833099365,0.5921985507011414,0.0794963464140892,0.5185052156448364,0.0973411276936531,0.9758672714233398,0.7364965081214905,0.7450641989707947,False,
121,30,1,658,117,29,74,6.242889972220597,-75.58637334072364,2013.0,10.0,608.0,0.46107327938079834,0.46943601965904236,-0.002139338990673423,0.07069086283445358,0.3321017622947693,-0.007343531120568514,0.08301049470901489,0.5251213312149048,0.07593278586864471,0.4872052073478699,0.10678540170192719,0.9724739789962769,0.761954665184021,0.7888971567153931,False,
122,30,2,658,118,29,74,6.242863312184149,-75.58639546236375,2016.0,3.0,602.0,0.48108938336372375,0.4288164973258972,0.005099995527416468,0.0940890833735466,0.8161833882331848,0.0015558479353785515,0.09113148599863052,0.7280818819999695,0.08462556451559067,0.8552277088165283,0.09587231278419495,0.9814393520355225,0.7483376860618591,0.7409999966621399,False,
123,30,3,658,119,29,74,6.242877357279483,-75.58638404663915,2018.0,12.0,624.0,0.4505266547203064,0.4531742036342621,0.0014414157485589385,0.06998825818300247,0.35657286643981934,-9.964375931303948e-05,0.08471512049436569,0.5285196900367737,0.08409105241298676,0.6088401079177856,0.09460713714361191,0.9752240777015686,0.7977674007415771,0.8053759932518005,False,
124,31,0,608,120,30,658,6.242075094238416,-75.58350950449767,2015.0,10.0,488.0,0.40198439359664917,0.4771977663040161,0.005761934909969568,0.09035119414329529,0.6182812452316284,0.015459383837878704,0.11340411007404327,0.4594312310218811,0.08537573367357254,0.37975290417671204,0.10576698929071426,0.9708786010742188,0.7582334876060486,0.7354356050491333,False,
125,31,1,608,121,30,658,6.242051937355587,-75.58351365723634,2013.0,8.0,471.0,0.39629316329956055,0.46107327938079834,0.005000309087336063,0.06449228525161743,0.3093101680278778,-0.0021351752802729607,0.08185475319623947,0.5208774209022522,0.0740932822227478,0.5271779298782349,0.04535020887851715,0.9948743581771851,0.8106233477592468,0.8135879039764404,False,
126,31,2,608,122,30,658,6.242080620542633,-75.5835126885706,2015.0,9.0,482.0,0.37251904606819153,0.48108938336372375,0.016455598175525665,0.0943235456943512,0.6903790831565857,0.014711307361721992,0.1265699416399002,0.8621276617050171,0.1020737737417221,0.6139637231826782,0.09812100231647491,0.9742860198020935,0.7511850595474243,0.7687002420425415,False,
127,31,3,608,123,30,658,6.242063361315354,-75.58351903012145,2013.0,10.0,484.0,0.40807607769966125,0.4505266547203064,0.003104336792603135,0.07416781783103943,0.32715219259262085,0.0006731148459948599,0.09746593236923218,0.4206134080886841,0.0865405946969986,0.4258597791194916,0.08723436295986176,0.9807866811752319,0.757037341594696,0.7458644509315491,False,
128,32,0,919,124,31,608,6.247950170711445,-75.5904984798897,2013.0,5.0,602.0,0.4308602511882782,0.40198439359664917,0.0072590988129377365,0.10961803793907166,0.7368594408035278,-0.0039270357228815556,0.1334039866924286,0.6889423727989197,0.11647317558526993,0.5455079078674316,0.0976678729057312,0.9767166972160339,0.798610270023346,0.808155357837677,False,
129,32,1,919,125,31,608,6.247952968292237,-75.59050718567433,2015.0,1.0,588.0,0.4337974190711975,0.39629316329956055,0.002149374922737479,0.09009504318237305,0.386028915643692,0.0045572384260594845,0.0978427603840828,0.3914940655231476,0.08033592253923416,0.3375965356826782,0.07106272876262665,0.9883440732955933,0.8245444893836975,0.816132664680481,False,
130,32,2,919,126,31,608,6.247959079660496,-75.59052820564575,2017.0,7.0,585.0,0.4385650157928467,0.37251904606819153,0.0034210775047540665,0.08363813906908035,0.5763635039329529,0.0024606098886579275,0.07763507217168808,0.5292683243751526,0.06943164765834808,0.48724567890167236,0.06114240735769272,0.9901187419891357,0.8551303744316101,0.8541894555091858,False,
131,32,3,919,127,31,608,6.247946822345534,-75.5905020028693,2013.0,10.0,588.0,0.4097402095794678,0.40807607769966125,0.012295576743781567,0.10143237560987473,0.40613260865211487,0.009897650219500065,0.12174654006958008,0.740863561630249,0.10661418735980988,0.7112927436828613,0.13037844002246857,0.9557689428329468,0.7969347238540649,0.8101593255996704,False,
132,33,0,765,128,32,919,6.245126858261235,-75.58534417534243,2015.0,1.0,354.0,0.45213910937309265,0.4308602511882782,0.0011445597046986222,0.08045847713947296,0.36837273836135864,0.006206419784575701,0.07592274993658066,0.6566547155380249,0.07181662321090698,0.5911693572998047,0.05175904184579849,0.9916440844535828,0.8176931738853455,0.8214966058731079,False,
133,33,1,765,129,32,919,6.245145514527412,-75.5853391763001,2015.0,10.0,545.0,0.38046327233314514,0.4337974190711975,0.00290671456605196,0.060883209109306335,0.3665676414966583,0.005008368287235498,0.066203773021698,0.4189736843109131,0.061715129762887955,0.35492581129074097,0.05154614523053169,0.9925644397735596,0.8202875852584839,0.8334372639656067,False,
134,33,2,765,130,32,919,6.245159426859326,-75.58536572158496,2019.0,6.0,551.0,0.4069170355796814,0.4385650157928467,-0.0017264579655602574,0.06163638085126877,0.34588423371315,-0.001384757342748344,0.07345888763666153,0.44030338525772095,0.058753710240125656,0.35313358902931213,0.07512176781892776,0.9850738048553467,0.8308486342430115,0.8286741971969604,False,
135,33,3,765,131,32,919,6.24513541998403,-75.5853459999527,2013.0,10.0,348.0,0.41424188017845154,0.4097402095794678,0.0006457080016843975,0.05867952108383179,0.2645016014575958,0.0002111786452587694,0.05788852274417877,0.2612988352775574,0.05137556418776512,0.26446953415870667,0.10339704155921936,0.9740577936172485,0.8286142349243164,0.8141726851463318,False,
136,34,0,875,132,33,765,6.246998195035992,-75.58168371828656,2019.0,1.0,355.0,0.39664319157600403,0.45213910937309265,0.005680541507899761,0.06668727844953537,0.24213971197605133,0.0038167976308614016,0.08647549152374268,0.4298790395259857,0.06616667658090591,0.39830830693244934,0.13805976510047913,0.9465669989585876,0.762187123298645,0.7272650599479675,False,
137,34,1,875,133,33,765,6.247001094327682,-75.58168428825611,2019.0,6.0,352.0,0.42052599787712097,0.38046327233314514,0.00634903134778142,0.057376593351364136,0.3015579283237457,0.005696299020200968,0.055031582713127136,0.3145645558834076,0.042471855878829956,0.17909269034862518,0.05293317139148712,0.9913972020149231,0.7149872779846191,0.7173998951911926,False,
138,34,2,875,134,33,765,6.247019963154075,-75.58168353771481,2014.0,2.0,344.0,0.4364916682243347,0.4069170355796814,0.0070528797805309296,0.07709937542676926,0.4192047119140625,-0.0026934114284813404,0.09060725569725037,0.8428953289985657,0.08386632055044174,0.6963148713111877,0.0806284174323082,0.983153760433197,0.7786096930503845,0.7761754989624023,False,
139,34,3,875,135,33,765,6.247016513238201,-75.58168441115114,2013.0,10.0,351.0,0.4004061818122864,0.41424188017845154,0.006904917769134045,0.06962758302688599,0.3564276397228241,0.00892940815538168,0.07643082737922668,0.4690765142440796,0.061161141842603683,0.37518879771232605,0.07960324734449387,0.9789281487464905,0.7605811357498169,0.7637931108474731,False,
140,35,0,86,136,34,875,6.231925442872175,-75.57516906175275,2013.0,10.0,384.0,0.46518629789352417,0.39664319157600403,0.009270637296140194,0.07852338999509811,0.5626431107521057,0.003980773501098156,0.07316882908344269,0.40979301929473877,0.06542185693979263,0.3519729971885681,0.07476823031902313,0.9873705506324768,0.7815163731575012,0.7778264880180359,False,
141,35,1,86,137,34,875,6.231911266599283,-75.57516828819223,2014.0,4.0,375.0,0.44415220618247986,0.42052599787712097,0.009014049544930458,0.08249781280755997,0.48965439200401306,-0.006960684433579445,0.08468402177095413,0.6238434314727783,0.08092834800481796,0.7492309808731079,0.11752825975418091,0.9610611200332642,0.7333584427833557,0.7561619877815247,False,
142,35,2,86,138,34,875,6.231923042010463,-75.5751984884781,2014.0,7.0,379.0,0.44966718554496765,0.4364916682243347,-0.0010349942604079843,0.07521981000900269,0.39292407035827637,0.002781110117211938,0.09029339998960495,0.6688345670700073,0.08940676599740982,0.7552307844161987,0.09007473289966583,0.967553973197937,0.7769756317138672,0.7805815935134888,False,
143,35,3,86,139,34,875,6.231934258235008,-75.57515716825401,2014.0,1.0,378.0,0.4387337863445282,0.4004061818122864,0.0018688642885535955,0.06558658927679062,0.3560437858104706,-0.0009141084155999124,0.05949532240629196,0.25819554924964905,0.05764823406934738,0.33250880241394043,0.09112531691789627,0.9772849082946777,0.7936447858810425,0.7985304594039917,False,
144,36,0,722,140,35,86,6.2440276575142,-75.57552102033597,2019.0,6.0,472.0,0.46317461133003235,0.46518629789352417,-0.001784791238605976,0.10492287576198578,0.516474187374115,0.015437884256243706,0.12073881924152374,0.5011255145072937,0.09912952780723572,0.41771379113197327,0.1103547215461731,0.9728451371192932,0.8255886435508728,0.8214886784553528,False,
145,36,1,722,141,35,86,6.244031744680604,-75.57551798772091,2014.0,5.0,486.0,0.47459691762924194,0.44415220618247986,0.021189643070101738,0.10852048546075821,0.5701524019241333,0.010454208590090275,0.10884284228086472,0.6793837547302246,0.1015906035900116,0.5323947668075562,0.0886441320180893,0.9800222516059875,0.8383060097694397,0.8482242226600647,False,
146,36,2,722,142,35,86,6.244051896370225,-75.57551645020527,2015.0,9.0,476.0,0.4824785590171814,0.44966718554496765,0.01539009902626276,0.11478998512029648,0.8594955205917358,0.0069749061949551105,0.10908107459545135,0.9928099513053894,0.10090569406747818,0.805257260799408,0.0963931679725647,0.9743993878364563,0.8200737833976746,0.8220725059509277,False,
147,36,3,722,143,35,86,6.244049096224957,-75.575490219585,2015.0,10.0,460.0,0.4458235204219818,0.4387337863445282,0.0030560509767383337,0.13278307020664215,0.6209173202514648,0.009611846879124641,0.11986055225133896,0.4715976119041443,0.11274073272943497,0.4026442766189575,0.09148991852998734,0.9805134534835815,0.8068476319313049,0.8050639033317566,False,
148,37,0,907,144,36,722,6.247971424632328,-75.60244266777296,2013.0,11.0,336.0,0.3926185965538025,0.46317461133003235,0.01314733736217022,0.08876543492078781,0.6046563386917114,0.010365230962634087,0.11814836412668228,0.5520191788673401,0.09353098273277283,0.6342994570732117,0.10288755595684052,0.9747942090034485,0.7648681402206421,0.7548242807388306,False,
149,37,1,907,145,36,722,6.247968071507587,-75.6024376017069,2019.0,6.0,353.0,0.4443141520023346,0.47459691762924194,0.0015894443495199084,0.08092380315065384,0.6513649225234985,-0.0015163120115175843,0.10646658390760422,0.6550156474113464,0.09550370275974274,0.577472448348999,0.08882419764995575,0.973888099193573,0.6945950388908386,0.677729070186615,False,
150,37,2,907,146,36,722,6.247999619255864,-75.60241946876405,2014.0,1.0,333.0,0.4165855050086975,0.4824785590171814,0.004908200353384018,0.09039071947336197,0.3826918303966522,0.002499087480828166,0.13136893510818481,0.6219986081123352,0.0987885445356369,0.5794482827186584,0.08580991625785828,0.9798362851142883,0.7669869661331177,0.7934340238571167,False,
151,37,3,907,147,36,722,6.247991346702523,-75.60244011987893,2014.0,7.0,340.0,0.3955669701099396,0.4458235204219818,0.01256138551980257,0.08067699521780014,0.47466641664505005,0.009593300521373749,0.11011024564504623,0.705320417881012,0.09495265036821365,0.5625592470169067,0.08344341069459915,0.979515552520752,0.7125834226608276,0.7103537321090698,False,
152,38,0,775,148,37,907,6.244965234515017,-75.57548308809784,2017.0,7.0,90.0,0.40041428804397583,0.3926185965538025,0.01760105974972248,0.09570025652647018,0.6268961429595947,0.01717124693095684,0.10306822508573532,0.7919396758079529,0.09090446680784225,0.704460859298706,0.06088341772556305,0.9835458993911743,0.8458269238471985,0.846586287021637,False,
153,38,1,775,149,37,907,6.244915181917415,-75.57546710576148,2015.0,10.0,97.0,0.45046499371528625,0.4443141520023346,0.014801664277911186,0.09088487178087234,0.43815284967422485,0.016345469281077385,0.12492427229881287,0.8866788148880005,0.11525153368711472,0.8762686252593994,0.08859168738126755,0.971158504486084,0.7486724853515625,0.7543243765830994,False,
154,38,2,775,150,37,907,6.244949376254373,-75.57549059443191,2019.0,6.0,451.0,0.44538286328315735,0.4165855050086975,0.00378340482711792,0.08532243967056274,0.3470104932785034,0.014328026212751865,0.10014587640762329,0.6438539624214172,0.10067552328109741,0.6429000496864319,0.07245197147130966,0.985203742980957,0.8214852809906006,0.818124532699585,False,
155,38,3,775,151,37,907,6.244942915622988,-75.57547743338066,2014.0,5.0,75.0,0.4730417728424072,0.3955669701099396,0.015271090902388096,0.07842937856912613,0.470289021730423,0.011659817770123482,0.07883118093013763,0.6199252009391785,0.07156451046466827,0.4403572678565979,0.05307884141802788,0.9914152026176453,0.7448022365570068,0.7540349960327148,False,
156,39,0,854,152,38,775,6.246919072399102,-75.60251099863254,2014.0,7.0,487.0,0.4097015857696533,0.40041428804397583,0.014819847419857979,0.07553455233573914,0.8603573441505432,0.013897926546633244,0.07381686568260193,1.0207716226577759,0.07224786281585693,0.48624685406684875,0.07470531761646271,0.98685222864151,0.7766400575637817,0.7603488564491272,False,
157,39,1,854,153,38,775,6.246925818894496,-75.60250100609576,2013.0,8.0,510.0,0.4366903603076935,0.45046499371528625,0.0045007201842963696,0.07775668054819107,0.462811142206192,0.003806578228250146,0.09081561118364334,0.5244465470314026,0.08241711556911469,0.5761060118675232,0.051397766917943954,0.9937543869018555,0.8219363689422607,0.8207718133926392,False,
158,39,2,854,154,38,775,6.246919615945346,-75.60249282535105,2016.0,3.0,516.0,0.39837926626205444,0.44538286328315735,0.003664471674710512,0.06428302079439163,0.5631039142608643,0.004845996852964163,0.08485552668571472,0.4955502450466156,0.07254499197006226,0.45839032530784607,0.06183702498674393,0.987469494342804,0.8407068848609924,0.8401784896850586,False,
159,39,3,854,155,38,775,6.246942307186969,-75.60247756966594,2015.0,1.0,499.0,0.4287445545196533,0.4730417728424072,0.014343474991619587,0.0917460024356842,0.6248199939727783,-0.0003905243065673858,0.0978865846991539,0.5652672648429871,0.10762128233909607,0.5311156511306763,0.10810190439224243,0.9665273427963257,0.7907176613807678,0.8027458786964417,False,
