query_index,num_positives,ru_top1,ru_correct@1,ru_first_positive_rank,ru_positive_negative_margin,aligned_semantic_top1,aligned_semantic_correct@1,aligned_semantic_first_positive_rank,aligned_semantic_positive_negative_margin,wrong_layout_top1,wrong_layout_correct@1,wrong_layout_first_positive_rank,wrong_layout_positive_negative_margin,shuffled_teacher_top1,shuffled_teacher_correct@1,shuffled_teacher_first_positive_rank,shuffled_teacher_positive_negative_margin
0,6,4,1,1,0.1206517219543457,6,0,3,-0.015004336833953857,1065,0,9547,-0.6190871596336365,6192,0,41,-0.07304415106773376
1,7,5674,0,47,-0.109147809445858,12786,0,7,-0.06912633776664734,10201,0,2216,-0.37300029397010803,6457,0,850,-0.2125842124223709
2,12,39,1,1,0.016816169023513794,5138,0,9,-0.09400743246078491,13967,0,5319,-0.5347875952720642,5138,0,11,-0.10631752014160156
3,6,5024,0,3989,-0.11970778554677963,11634,0,2444,-0.27680230140686035,9719,0,4180,-0.36982864141464233,5028,0,2436,-0.30144333839416504
4,7,120,1,1,0.019710659980773926,120,1,1,0.07592588663101196,13279,0,3999,-0.6864196062088013,122,1,1,0.02643674612045288
5,23,133,1,1,0.05445787310600281,4982,0,3972,-0.4407954812049866,3705,0,1025,-0.5602102875709534,6655,0,1076,-0.3160073757171631
6,5,151,1,1,0.09784197807312012,2931,0,89,-0.174280047416687,5823,0,484,-0.4006441831588745,2931,0,161,-0.30188173055648804
7,2,161,1,1,0.027661830186843872,160,0,2,-0.02250272035598755,17515,0,15962,-0.5424975156784058,160,0,2,-0.027549386024475098
8,3,180,1,1,0.16265520453453064,180,1,1,0.04722791910171509,15378,0,1337,-0.3408745229244232,180,1,1,0.1723477840423584
9,7,189,1,1,0.4841592609882355,190,1,1,0.06163835525512695,14670,0,1915,-0.27809131145477295,16957,0,4,-0.00968700647354126
10,8,209,1,1,0.054530709981918335,8237,0,3,-0.06157207489013672,5914,0,1409,-0.26610082387924194,8238,0,2,-0.022706568241119385
11,5,214,1,1,0.1644168496131897,3520,0,67,-0.11988189816474915,3979,0,2432,-0.6180511116981506,7446,0,1337,-0.17018088698387146
12,13,236,1,1,0.2052474319934845,6276,0,3,-0.0873221755027771,15469,0,183,-0.17967212200164795,6274,0,4,-0.10508662462234497
13,14,246,1,1,0.2701359689235687,246,1,1,0.026531875133514404,15621,0,1078,-0.6201758980751038,246,1,1,0.12728530168533325
14,9,258,1,1,0.10054293274879456,263,0,3,-0.05569314956665039,3119,0,1455,-0.4379587173461914,8836,0,3,-0.002064824104309082
15,5,273,1,1,0.07463568449020386,272,1,1,0.055898427963256836,3107,0,7262,-0.7417997121810913,272,1,1,0.0611555278301239
16,30,282,1,1,0.36893683671951294,315,1,1,0.04391294717788696,12621,0,595,-0.22591882944107056,281,1,1,0.06757089495658875
17,42,340,1,1,0.22938835620880127,342,0,3,-0.006973624229431152,6108,0,34,-0.14240264892578125,10306,0,3,-0.025939881801605225
18,41,399,1,1,0.19216272234916687,397,0,5,-0.05369210243225098,16381,0,3,-0.017315149307250977,397,0,4,-0.0800432562828064
19,16,501,1,1,0.15828099846839905,497,1,1,0.01061159372329712,7395,0,4822,-0.521722674369812,4352,0,2,-0.015039920806884766
20,8,532,1,1,0.1403142809867859,540,1,1,0.07030129432678223,4455,0,472,-0.34571483731269836,533,0,2,-0.020184755325317383
21,7,545,1,1,0.32589060068130493,545,1,1,0.13982045650482178,17734,0,283,-0.20061981678009033,545,1,1,0.15713033080101013
22,15,561,1,1,0.2863914370536804,2643,0,7,-0.05362886190414429,7732,0,456,-0.20633909106254578,16057,0,5,-0.030517995357513428
23,23,588,1,1,0.2477169632911682,612,1,1,0.01447439193725586,12912,0,797,-0.30871275067329407,588,1,1,0.169139564037323
24,23,711,1,1,0.12027424573898315,602,0,8,-0.035643935203552246,4595,0,716,-0.20424345135688782,637,0,3,-0.007817983627319336
25,3,724,1,1,0.11575141549110413,725,1,1,0.15752273797988892,17987,0,2072,-0.41408467292785645,725,1,1,0.06483721733093262
26,2,7506,0,2,-0.006703689694404602,2425,0,2856,-0.3873342275619507,11851,0,10052,-0.5978929996490479,11182,0,1630,-0.41548675298690796
27,10,736,1,1,0.03125099837779999,15750,0,2,-0.03102785348892212,15868,0,4881,-0.8099641799926758,15749,0,3,-0.01889592409133911
28,10,758,1,1,0.1075173020362854,759,1,1,0.10471129417419434,3447,0,311,-0.2978324890136719,759,1,1,0.2786882817745209
29,9,773,1,1,0.26951485872268677,774,1,1,0.11145579814910889,5253,0,1235,-0.4662163257598877,774,1,1,0.16212481260299683
30,3,794,1,1,0.005702570080757141,17721,0,68,-0.18840128183364868,4184,0,10632,-0.6293256282806396,17820,0,17,-0.14528527855873108
31,18,844,1,1,0.16220885515213013,844,1,1,0.06807148456573486,6075,0,3008,-0.4528997242450714,845,1,1,0.12498322129249573
32,17,885,1,1,0.34083661437034607,885,1,1,0.07961481809616089,11458,0,386,-0.2731991410255432,885,1,1,0.18686646223068237
33,12,979,1,1,0.1382770538330078,968,0,2,-0.028043925762176514,14016,0,1200,-0.5246639847755432,968,0,2,-0.0019099116325378418
34,9,11636,0,184,-0.09623178094625473,9818,0,4181,-0.4652697741985321,2296,0,1712,-0.35151293873786926,9818,0,2034,-0.33365947008132935
35,5,1011,1,1,0.054804712533950806,1012,1,1,0.042945146560668945,9290,0,3860,-0.49803537130355835,1012,1,1,0.01827627420425415
36,6,1028,1,1,0.1407400667667389,1002,0,4,-0.18067538738250732,7282,0,327,-0.20840740203857422,1002,0,5,-0.19252964854240417
37,8,1041,1,1,0.26060110330581665,18010,0,42,-0.09243962168693542,11584,0,3866,-0.5532105565071106,6977,0,8,-0.061593711376190186
38,5,1048,1,1,0.05215822160243988,7634,0,1223,-0.3424723744392395,14425,0,4895,-0.5907338857650757,7634,0,1932,-0.36552178859710693
39,3,1058,1,1,0.015440016984939575,17125,0,210,-0.22612380981445312,2665,0,8563,-0.6522895693778992,17125,0,115,-0.303790807723999
40,3,1065,1,1,0.12501013278961182,1065,1,1,0.04013174772262573,17628,0,932,-0.4095907509326935,1066,1,1,0.1048051118850708
41,13,1072,1,1,0.23169860243797302,1072,1,1,0.2495848536491394,18002,0,343,-0.38335084915161133,1072,1,1,0.04014506936073303
42,8,1117,1,1,0.24066859483718872,546,0,10,-0.08502748608589172,789,0,324,-0.2879401445388794,1121,0,3,-0.006546437740325928
43,5,1121,1,1,0.27184563875198364,11426,0,2,-0.002886354923248291,18661,0,7546,-0.5590134263038635,11345,0,15,-0.06668072938919067
44,4,1127,1,1,0.12243551015853882,1127,1,1,0.02085787057876587,1445,0,4899,-0.46941253542900085,14677,0,20,-0.06091931462287903
45,7,1135,1,1,0.14400440454483032,8514,0,25,-0.11377206444740295,5869,0,95,-0.3572220206260681,14318,0,12,-0.057676345109939575
46,8,1141,1,1,0.10660770535469055,1152,1,1,0.018618345260620117,16084,0,5392,-0.4061874747276306,1151,1,1,0.025120139122009277
47,11,1160,1,1,0.13702431321144104,1159,1,1,0.06778228282928467,1083,0,129,-0.3414877653121948,1159,1,1,0.08819758892059326
48,10,1181,1,1,0.4790242910385132,1181,1,1,0.1931525468826294,3070,0,796,-0.33856266736984253,1181,1,1,0.2810167074203491
49,9,455,0,2,-0.003952741622924805,394,0,28,-0.283879816532135,10996,0,535,-0.4077310562133789,396,0,59,-0.18601611256599426
50,4,1220,1,1,0.039817363023757935,1887,0,9,-0.047605156898498535,6201,0,6912,-0.5637472867965698,2539,0,67,-0.14969682693481445
51,3,1228,1,1,0.13838255405426025,15992,0,2,-0.0027147531509399414,18335,0,6203,-0.3759888708591461,15991,0,8,-0.13435858488082886
52,13,1258,1,1,0.07727786898612976,1246,1,1,0.008641600608825684,11304,0,1059,-0.2855450510978699,99,0,3,-0.02090001106262207
53,19,1303,1,1,0.13484439253807068,1303,1,1,0.229434072971344,3094,0,1563,-0.5521646738052368,1303,1,1,0.07312372326850891
54,6,2409,0,22,-0.07260057330131531,12099,0,980,-0.3502926230430603,207,0,942,-0.27309462428092957,12136,0,1228,-0.393665611743927
55,13,1367,1,1,0.3317749500274658,1367,1,1,0.34480783343315125,3300,0,1931,-0.2469051331281662,1367,1,1,0.20341366529464722
56,6,1377,1,1,0.005333036184310913,2021,0,313,-0.286099910736084,17072,0,4612,-0.38533085584640503,2037,0,816,-0.26551786065101624
57,8,1410,1,1,0.2831060588359833,6284,0,3,-0.0010094046592712402,2835,0,5124,-0.5197049379348755,5797,0,2,-0.005960643291473389
58,9,1427,1,1,0.14915722608566284,1427,1,1,0.028054893016815186,2240,0,4517,-0.4798102378845215,11940,0,15,-0.13660797476768494
59,3,1431,1,1,0.2219451367855072,1432,1,1,0.011284828186035156,15425,0,2049,-0.4001148045063019,1432,1,1,0.035289645195007324
60,16,1439,1,1,0.460010826587677,1439,1,1,0.17452633380889893,5533,0,208,-0.25236499309539795,1439,1,1,0.130062997341156
61,5,1455,1,1,0.14211368560791016,12446,0,2,-0.011033177375793457,12829,0,673,-0.3378390967845917,851,0,6,-0.04444262385368347
62,21,1501,1,1,0.28440943360328674,1501,1,1,0.08928793668746948,1158,0,23,-0.051752448081970215,1501,1,1,0.13897418975830078
63,14,1613,1,1,0.17248302698135376,10404,0,31,-0.1391790509223938,10583,0,1343,-0.5436415672302246,1583,0,13,-0.09584766626358032
64,25,1625,1,1,0.07512167096138,1632,1,1,0.1598597764968872,1294,0,2833,-0.4731201231479645,1632,1,1,0.08214092254638672
65,26,1659,1,1,0.16285473108291626,1651,1,1,0.1695253849029541,8292,0,803,-0.5156384110450745,1651,1,1,0.12797778844833374
66,6,1675,1,1,0.05697058141231537,4208,0,229,-0.2173093557357788,9451,0,4732,-0.606753945350647,1722,0,1062,-0.2960624694824219
67,6,1687,1,1,0.12493382394313812,1686,1,1,0.18572989106178284,7673,0,3235,-0.7178267240524292,13624,0,6,-0.02206060290336609
68,3,1692,1,1,0.12458387017250061,1692,1,1,0.06859469413757324,7721,0,742,-0.4235661029815674,1692,1,1,0.10715320706367493
69,8,1696,1,1,0.23322361707687378,1702,1,1,0.05072256922721863,674,0,3189,-0.5592314004898071,1702,1,1,0.023600369691848755
70,11,1720,1,1,0.24201563000679016,1128,0,2,-0.03264671564102173,18335,0,1134,-0.33035993576049805,1128,0,4,-0.0296708345413208
71,17,1737,1,1,0.07385514676570892,1700,0,20,-0.2175683081150055,2975,0,819,-0.3653801679611206,5680,0,6,-0.0469379723072052
72,11,1770,1,1,0.20163726806640625,404,0,12,-0.06533724069595337,8932,0,6,-0.16894659399986267,401,0,10,-0.061147600412368774
73,12,1783,1,1,0.15661141276359558,13908,0,238,-0.19587373733520508,8593,0,1231,-0.33198025822639465,7240,0,323,-0.21646589040756226
74,5,1797,1,1,0.27057361602783203,1798,1,1,0.06018561124801636,615,0,6178,-0.30800339579582214,1798,1,1,0.04839271306991577
75,8,1811,1,1,0.3503113389015198,1813,1,1,0.18761849403381348,262,0,2325,-0.42093905806541443,1813,1,1,0.2518470287322998
76,11,1821,1,1,0.10008296370506287,1821,1,1,0.012044847011566162,4011,0,3341,-0.40907299518585205,15665,0,2,-0.059708863496780396
77,9,1845,1,1,0.11021402478218079,1855,1,1,0.06368458271026611,5465,0,2333,-0.7287092208862305,1855,1,1,0.11191457509994507
78,6,1859,1,1,0.30003997683525085,1859,1,1,0.09356528520584106,12173,0,2113,-0.49871447682380676,1860,1,1,0.0795561671257019
79,38,1911,1,1,0.10916280746459961,10589,0,5,-0.046971917152404785,13763,0,580,-0.3119521737098694,10012,0,7,-0.08517897129058838
80,38,1963,1,1,0.06313198804855347,1954,1,1,0.16804736852645874,17272,0,1289,-0.21978048980236053,1977,1,1,0.09818696975708008
81,7,1986,1,1,0.2804516553878784,1987,1,1,0.0293581485748291,5541,0,1177,-0.2570735812187195,9144,0,41,-0.0729062557220459
82,7,1991,1,1,0.2963244915008545,1221,0,267,-0.20581260323524475,17843,0,805,-0.3732588291168213,11836,0,188,-0.1564217060804367
83,8,1996,1,1,0.059764936566352844,12150,0,1522,-0.35213565826416016,10816,0,312,-0.18485739827156067,18085,0,1329,-0.30638331174850464
84,4,2006,1,1,0.1342766284942627,497,0,8,-0.07210785150527954,6928,0,795,-0.40262570977211,16259,0,72,-0.1391950249671936
85,15,2032,1,1,0.3607821762561798,2032,1,1,0.00882643461227417,3997,0,1366,-0.6682429313659668,2011,0,14,-0.11534053087234497
86,12,2058,1,1,0.0930275171995163,16691,0,2,-0.0007597506046295166,16669,0,257,-0.3919018805027008,17148,0,425,-0.17755326628684998
87,10,2070,1,1,0.07807284593582153,12516,0,49,-0.15731406211853027,3281,0,3751,-0.5053146481513977,10695,0,12,-0.04866611957550049
88,5,2078,1,1,0.20547357201576233,2078,1,1,0.11327829957008362,480,0,1865,-0.4095529317855835,2078,1,1,0.06890332698822021
89,24,2086,1,1,0.02149735391139984,12380,0,24,-0.17160582542419434,14469,0,7,-0.09775760769844055,1742,0,31,-0.09750998020172119
90,4,2138,1,1,0.07415680587291718,11863,0,49,-0.1263420581817627,192,0,270,-0.25186601281166077,2459,0,66,-0.1336740255355835
91,5,2142,1,1,0.3491339385509491,999,0,22,-0.07783260941505432,14430,0,7656,-0.6081830859184265,2142,1,1,0.07030442357063293
92,6,2150,1,1,0.22295382618904114,12003,0,2,-0.0016689896583557129,7688,0,2820,-0.4274553954601288,2042,0,122,-0.17344966530799866
93,6,2153,1,1,0.1162901222705841,365,0,41,-0.11329230666160583,7561,0,1548,-0.2892061769962311,2154,1,1,0.005231201648712158
94,6,2162,1,1,0.1831909418106079,2162,1,1,0.0851864218711853,1474,0,1854,-0.36730462312698364,2162,1,1,0.038021624088287354
95,12,2174,1,1,0.07786226272583008,11041,0,9,-0.10841739177703857,5594,0,1627,-0.5237377882003784,15595,0,4,-0.07295018434524536
96,11,2253,1,1,0.16570058465003967,2206,1,1,0.03524821996688843,4108,0,286,-0.19325566291809082,2317,0,3,-0.007182657718658447
97,23,2308,1,1,0.10137811303138733,2308,1,1,0.1026044487953186,4703,0,1326,-0.4093770980834961,2308,1,1,0.06375908851623535
98,8,14167,0,3,-0.013858005404472351,6588,0,711,-0.28808584809303284,9408,0,1850,-0.29280489683151245,739,0,993,-0.3265399932861328
99,3,2395,1,1,0.30585697293281555,2395,1,1,0.3050798177719116,4114,0,13774,-0.6226934790611267,2395,1,1,0.25557655096054077
100,21,2400,1,1,0.13035926222801208,2427,1,1,0.08477938175201416,143,0,685,-0.24713054299354553,2401,1,1,0.035540997982025146
101,32,2459,1,1,0.22888153791427612,2452,1,1,0.17355877161026,4716,0,190,-0.40445321798324585,2452,1,1,0.23487812280654907
102,11,2476,1,1,0.04303693771362305,11449,0,205,-0.2241111397743225,7468,0,2232,-0.42501771450042725,11404,0,122,-0.21746748685836792
103,6,2489,1,1,0.19831964373588562,12288,0,198,-0.16859889030456543,18068,0,4618,-0.44128966331481934,12332,0,306,-0.29388874769210815
104,4,2504,1,1,0.10440552234649658,2504,1,1,0.02812671661376953,16342,0,4073,-0.47228196263313293,2504,1,1,0.001266181468963623
105,28,2508,1,1,0.1654958724975586,2516,1,1,0.046133458614349365,11032,0,1687,-0.5164743661880493,2508,1,1,0.16497895121574402
106,2,2542,1,1,0.15844818949699402,3143,0,6,-0.02702394127845764,3857,0,5352,-0.4818224310874939,2542,1,1,0.07627910375595093
107,8,2558,1,1,0.0312521755695343,2558,1,1,0.05734461545944214,11763,0,67,-0.16775929927825928,2552,1,1,0.03694915771484375
108,28,2582,1,1,0.4333617687225342,2582,1,1,0.11308157444000244,7080,0,305,-0.2564542293548584,8545,0,7,-0.05124363303184509
109,11,2591,1,1,0.277147501707077,5545,0,4,-0.09392386674880981,18191,0,1319,-0.23928752541542053,2591,1,1,0.02125638723373413
110,19,2611,1,1,0.4100050628185272,2611,1,1,0.2699548602104187,18547,0,970,-0.23982936143875122,2611,1,1,0.2529396414756775
111,9,2632,1,1,0.2406468540430069,2628,0,2,-0.0371624231338501,12193,0,1289,-0.3193570375442505,2628,0,11,-0.11598643660545349
112,4,2642,1,1,0.2202942967414856,2643,1,1,0.05587810277938843,18542,0,5241,-0.613577127456665,1796,0,15,-0.09310516715049744
113,6,2662,1,1,0.24651700258255005,2662,1,1,0.010328114032745361,4519,0,1825,-0.4080673158168793,2662,1,1,0.046828389167785645
114,3,2670,1,1,0.2019147276878357,13961,0,7,-0.040735483169555664,5516,0,2609,-0.4771394729614258,6262,0,63,-0.11514890193939209
115,7,2692,1,1,0.20793649554252625,2681,1,1,0.0026931166648864746,6045,0,1589,-0.31940484046936035,2682,1,1,0.09499633312225342
116,24,2753,1,1,0.11858612298965454,2753,1,1,0.06041586399078369,3903,0,1213,-0.3590851426124573,2753,1,1,0.08260279893875122
117,25,2732,1,1,0.005439653992652893,3009,0,442,-0.2954843044281006,4208,0,1492,-0.5396759510040283,2713,0,31,-0.22465026378631592
118,27,2781,1,1,0.24271640181541443,2781,1,1,0.20990943908691406,7468,0,207,-0.3639487028121948,2781,1,1,0.15137940645217896
119,18,2809,1,1,0.44337719678878784,2808,1,1,0.1687183976173401,9909,0,35,-0.3253316581249237,2808,1,1,0.21945226192474365
120,29,2835,1,1,0.2628103494644165,5004,0,7,-0.025796711444854736,11727,0,596,-0.2538315951824188,11854,0,2,-0.0038595199584960938
121,27,2841,1,1,0.1738588511943817,2841,1,1,0.07276904582977295,650,0,798,-0.3644670248031616,2841,1,1,0.0940447449684143
122,7,2863,1,1,0.0399949848651886,2865,1,1,0.12330734729766846,17549,0,2122,-0.44744181632995605,2863,1,1,0.009814947843551636
123,4,2869,1,1,0.05521167814731598,10488,0,5,-0.049432992935180664,5846,0,4984,-0.4497506320476532,18586,0,24,-0.09478604793548584
124,10,2878,1,1,0.3266769349575043,2876,1,1,0.0007811188697814941,18079,0,2661,-0.5186764001846313,2876,1,1,0.031848132610321045
125,11,1802,0,4874,-0.15013468265533447,13726,0,8123,-0.5241280198097229,14760,0,2442,-0.4148229956626892,18031,0,7559,-0.49923789501190186
126,7,6090,0,325,-0.12409182637929916,6096,0,2459,-0.3380439281463623,5106,0,2407,-0.5468558669090271,8041,0,583,-0.23408779501914978
127,10,2907,1,1,0.2778880000114441,2908,1,1,0.16391420364379883,18769,0,2569,-0.4401102066040039,2904,1,1,0.010995179414749146
128,23,2913,1,1,0.4447176158428192,9377,0,3,-0.013890564441680908,11226,0,1343,-0.3514097332954407,7172,0,10,-0.08873409032821655
129,5,2941,1,1,0.13804158568382263,10954,0,4,-0.02195572853088379,10881,0,6368,-0.6448313593864441,2939,1,1,0.055526554584503174
130,15,2955,1,1,0.22447216510772705,9382,0,39,-0.14012432098388672,11279,0,2598,-0.28635266423225403,7173,0,6,-0.06045520305633545
131,10,2964,1,1,0.0897832065820694,5435,0,417,-0.2632141709327698,10963,0,114,-0.19407154619693756,816,0,256,-0.21837875247001648
132,7,2981,1,1,0.3077315390110016,7752,0,3,-0.05159318447113037,5715,0,297,-0.227207213640213,7044,0,2,-0.01920372247695923
133,13,3096,1,1,0.06487870216369629,3089,0,2,-0.016597747802734375,7890,0,1577,-0.3277425765991211,3094,0,3,-0.006447851657867432
134,15,3120,1,1,0.12426888942718506,3157,0,11,-0.1407882273197174,15933,0,2964,-0.4671505093574524,3157,0,7,-0.05440667271614075
135,13,3124,1,1,0.1904532015323639,3124,1,1,0.06579744815826416,2085,0,1333,-0.4431472420692444,3124,1,1,0.015412569046020508
136,11,3155,1,1,0.1765652894973755,16476,0,2,-0.07261425256729126,9906,0,1126,-0.5417046546936035,9897,0,3,-0.0347464382648468
137,5,3185,1,1,0.057916224002838135,10806,0,2172,-0.30306363105773926,3842,0,8921,-0.6937160491943359,9631,0,1112,-0.26007217168807983
138,4,3197,1,1,0.08717888593673706,10267,0,11,-0.039119839668273926,8100,0,6129,-0.6742299795150757,9040,0,14,-0.0988839864730835
139,6,3205,1,1,0.11040249466896057,11986,0,28,-0.15407311916351318,12109,0,10603,-0.6243855357170105,11985,0,68,-0.19542938470840454
140,8,3210,1,1,0.189001202583313,9277,0,7,-0.03722643852233887,8349,0,1735,-0.3724553883075714,10744,0,2,-0.03489738702774048
141,6,3218,1,1,0.14816302061080933,3218,1,1,0.12575513124465942,13451,0,2913,-0.34834563732147217,3218,1,1,0.09710705280303955
142,10,3265,1,1,0.43257758021354675,3265,1,1,0.18908196687698364,12822,0,589,-0.2735694944858551,3265,1,1,0.13840168714523315
143,13,3342,1,1,0.18331962823867798,3310,1,1,0.07467782497406006,5719,0,1056,-0.432088702917099,3342,1,1,0.011347055435180664
144,3,3359,1,1,0.037785500288009644,8624,0,2,-0.020822346210479736,13291,0,8621,-0.38059040904045105,2492,0,116,-0.22042560577392578
145,5,3365,1,1,0.0023404359817504883,3840,0,192,-0.3047015964984894,15321,0,5638,-0.4384780526161194,3368,1,1,0.005834698677062988
146,9,3410,1,1,0.1940855085849762,3386,1,1,0.02936375141143799,4085,0,379,-0.38977158069610596,3386,1,1,0.00601649284362793
147,12,3436,1,1,0.19029639661312103,3424,1,1,0.06799030303955078,9703,0,388,-0.46991947293281555,3424,1,1,0.05870342254638672
148,12,4020,0,54,-0.0850047916173935,4023,0,2192,-0.3814515769481659,10841,0,4558,-0.3842288553714752,4025,0,1300,-0.4357215464115143
149,5,3453,1,1,0.23292739689350128,10149,0,2,-0.009990453720092773,2379,0,3916,-0.49702900648117065,3453,1,1,0.03804531693458557
150,5,3483,1,1,0.0058209896087646484,7891,0,69,-0.1698591113090515,2641,0,3169,-0.5666272640228271,9296,0,28,-0.121238112449646
151,8,1112,0,5,-0.006376370787620544,11401,0,2378,-0.4527583420276642,16542,0,487,-0.3420872986316681,9947,0,955,-0.4287550747394562
152,32,3543,1,1,0.11899048089981079,3568,1,1,0.0728415846824646,9877,0,104,-0.11528807878494263,3569,1,1,0.015827417373657227
153,4,3585,1,1,0.04652714729309082,1488,0,55,-0.09919288754463196,2859,0,3468,-0.5497905015945435,7533,0,105,-0.17304259538650513
154,2,3592,1,1,0.1809987872838974,10241,0,1831,-0.38329339027404785,6451,0,6489,-0.3771562874317169,10738,0,297,-0.26815780997276306
155,6,3601,1,1,0.23052436113357544,16531,0,52,-0.14866074919700623,10522,0,4279,-0.44424158334732056,7890,0,1697,-0.33433300256729126
156,14,3608,1,1,0.5086530447006226,3609,1,1,0.19189780950546265,18005,0,1369,-0.40201854705810547,3608,1,1,0.13141819834709167
157,14,3628,1,1,0.009714186191558838,3629,0,2,-0.038849711418151855,12232,0,2364,-0.3973535895347595,11482,0,3,-0.0666351318359375
158,23,3672,1,1,0.1818542778491974,3415,0,64,-0.1929282546043396,12512,0,257,-0.22044116258621216,6264,0,342,-0.27538415789604187
159,6,3692,1,1,0.2645154297351837,3692,1,1,0.036081790924072266,2421,0,2579,-0.4160420894622803,3691,1,1,0.12011539936065674
160,11,3724,1,1,0.13931840658187866,3724,1,1,0.17022132873535156,11716,0,1825,-0.5027986168861389,3724,1,1,0.1581423282623291
161,15,3741,1,1,0.23715293407440186,3741,1,1,0.034319937229156494,10781,0,161,-0.34681493043899536,3743,1,1,0.014345049858093262
162,10,3824,1,1,0.3112105429172516,3824,1,1,0.1079174280166626,16827,0,559,-0.34597450494766235,3825,1,1,0.10626733303070068
163,3,3864,1,1,0.012136295437812805,3837,0,46,-0.1341385543346405,10851,0,4120,-0.5024401545524597,3758,0,715,-0.34726059436798096
164,8,3871,1,1,0.028989002108573914,13659,0,630,-0.25191259384155273,1978,0,672,-0.3423268795013428,16535,0,730,-0.24650615453720093
165,6,3927,0,65,-0.11775948107242584,2789,0,3099,-0.3835635185241699,13494,0,1681,-0.483409583568573,13115,0,2890,-0.3006460964679718
166,5,3912,1,1,0.16764704883098602,3915,0,4,-0.05620843172073364,13643,0,10459,-0.4867359399795532,11696,0,18,-0.10186001658439636
167,9,3933,1,1,0.09116384387016296,14339,0,45,-0.15154993534088135,15858,0,651,-0.2389412820339203,18031,0,78,-0.16260814666748047
168,9,3951,1,1,0.03404554724693298,3950,1,1,0.06447261571884155,17371,0,190,-0.47705602645874023,3951,1,1,0.177179217338562
169,12,3960,1,1,0.14665654301643372,3958,1,1,0.036666274070739746,5536,0,713,-0.32635197043418884,2430,0,5,-0.06993317604064941
170,9,3969,1,1,0.1281910538673401,3969,1,1,0.14387178421020508,14131,0,4414,-0.593665361404419,3969,1,1,0.07465746998786926
171,3,3976,1,1,0.44422608613967896,3976,1,1,0.19748836755752563,7065,0,5885,-0.4377829432487488,3976,1,1,0.06715139746665955
172,3,3982,0,2,-0.02085283398628235,9689,0,714,-0.3213980793952942,4553,0,2535,-0.3428781032562256,330,0,436,-0.24498577415943146
173,7,3997,1,1,0.10476744174957275,2128,0,5,-0.02970254421234131,3490,0,7027,-0.48428407311439514,17051,0,3,-0.002665907144546509
174,10,4012,1,1,0.15563876926898956,8200,0,14,-0.06782633066177368,3806,0,659,-0.23551201820373535,4604,0,3,-0.026179224252700806
175,23,4032,1,1,0.12024962902069092,4032,1,1,0.048015296459198,7164,0,27,-0.15739673376083374,4042,0,5,-0.06747043132781982
176,23,4113,1,1,0.13330501317977905,4114,1,1,0.08889633417129517,17404,0,142,-0.23291122913360596,4114,1,1,0.13473069667816162
177,10,4170,1,1,0.2798903286457062,4170,1,1,0.23099404573440552,18598,0,1781,-0.3171345591545105,4170,1,1,0.2022297978401184
178,4,4584,0,2,-0.018626362085342407,4640,0,11,-0.07228446006774902,4907,0,2283,-0.46026211977005005,9638,0,5,-0.04190796613693237
179,6,7055,0,4,-0.021810822188854218,6356,0,147,-0.1498134434223175,3465,0,183,-0.5648108720779419,6567,0,443,-0.24175354838371277
180,5,4201,1,1,0.13038672506809235,512,0,202,-0.15312230587005615,6842,0,3930,-0.5677638649940491,4327,0,11,-0.07851782441139221
181,5,4218,1,1,0.13408726453781128,2039,0,43,-0.1507498025894165,1141,0,3177,-0.5074632167816162,12485,0,166,-0.2799738049507141
182,15,4264,1,1,0.24533846974372864,4265,1,1,0.0561642050743103,11630,0,1190,-0.3887271285057068,4265,1,1,0.021164119243621826
183,25,4306,1,1,0.14269348978996277,4305,1,1,0.0517084002494812,15535,0,11,-0.14759963750839233,4313,0,2,-0.014708280563354492
184,31,4336,1,1,0.27870863676071167,4358,1,1,0.04963839054107666,11109,0,2241,-0.6966658234596252,4337,1,1,0.11130034923553467
185,40,4416,1,1,0.044612884521484375,4371,1,1,0.0217287540435791,18493,0,564,-0.35979536175727844,4371,1,1,0.0872032642364502
186,13,4451,1,1,0.09221214056015015,4451,1,1,0.0119590163230896,8707,0,515,-0.28102362155914307,4476,0,8,-0.14918652176856995
187,7,4507,1,1,0.3159368336200714,4506,1,1,0.04222846031188965,10357,0,6468,-0.401411235332489,6263,0,13,-0.13728365302085876
188,21,4521,1,1,0.40966737270355225,10936,0,2,-0.01123666763305664,3893,0,48,-0.1353539228439331,4517,1,1,0.08335608243942261
189,26,4555,1,1,0.2157575786113739,4544,1,1,0.09385186433792114,9564,0,1300,-0.501447856426239,4543,1,1,0.06669661402702332
190,6,4606,1,1,0.06495234370231628,4606,1,1,0.026970505714416504,18369,0,2487,-0.42768171429634094,4605,0,2,-0.0007159113883972168
191,7,4644,1,1,0.019593864679336548,4646,1,1,0.011053800582885742,2445,0,667,-0.5898078680038452,4640,0,6,-0.06950673460960388
192,9,4678,0,4,-0.0050799548625946045,15846,0,4559,-0.34089064598083496,15819,0,2971,-0.6477962732315063,10531,0,286,-0.18074923753738403
193,1,4693,1,1,0.16962844133377075,9004,0,961,-0.32019972801208496,15356,0,7559,-0.390631765127182,15789,0,54,-0.20085185766220093
194,9,4704,1,1,0.31996533274650574,4704,1,1,0.34781455993652344,1505,0,2643,-0.4060904383659363,4704,1,1,0.4505103528499603
195,8,4728,1,1,0.19333642721176147,4730,0,2,-0.0003439784049987793,18636,0,2761,-0.5944014191627502,4728,1,1,0.0938982367515564
196,11,4743,1,1,0.15026330947875977,4742,1,1,0.12572842836380005,12663,0,2050,-0.5655131340026855,7634,0,4,-0.05109518766403198
197,20,4758,1,1,0.14300771057605743,1964,0,21,-0.10380613803863525,13814,0,2299,-0.29452434182167053,1971,0,8,-0.08726537227630615
198,11,4795,1,1,0.3307315707206726,4794,1,1,0.19327068328857422,11121,0,638,-0.43169304728507996,4795,1,1,0.04063427448272705
199,9,4806,1,1,0.40697211027145386,4806,1,1,0.1868094503879547,6874,0,710,-0.5091580748558044,4806,1,1,0.2618597149848938
200,4,4839,1,1,0.12029322981834412,12703,0,1223,-0.2748115062713623,2395,0,3011,-0.4536840617656708,120,0,900,-0.2586275041103363
201,7,4861,1,1,0.026904404163360596,9263,0,182,-0.12836739420890808,13615,0,8069,-0.710437536239624,4180,0,1895,-0.22787392139434814
202,7,4867,1,1,0.13611719012260437,4867,1,1,0.008435457944869995,5091,0,1683,-0.4125722646713257,3283,0,15,-0.07779404520988464
203,5,4880,1,1,0.3318151831626892,4880,1,1,0.08360499143600464,5149,0,226,-0.3730282783508301,4880,1,1,0.04287433624267578
204,4,7056,0,10811,-0.2447769194841385,7071,0,13969,-0.7951114177703857,8140,0,3801,-0.5278918743133545,4466,0,9017,-0.5627629160881042
205,7,4904,1,1,0.36809319257736206,4905,1,1,0.07239276170730591,1884,0,6727,-0.6312991380691528,4904,1,1,0.14942777156829834
206,23,4951,1,1,0.06227511167526245,4961,1,1,0.026634037494659424,11346,0,84,-0.22113007307052612,4961,1,1,0.05938279628753662
207,11,5000,1,1,0.2512654960155487,5000,1,1,0.17879796028137207,12404,0,1614,-0.429742693901062,5000,1,1,0.21324476599693298
208,9,5024,1,1,0.07556965947151184,5024,1,1,0.13129562139511108,8865,0,380,-0.30056679248809814,5033,0,3,-0.06188243627548218
209,2,6047,0,10372,-0.20244476199150085,15035,0,2198,-0.2825804650783539,9299,0,2125,-0.48173949122428894,5771,0,12943,-0.3226790428161621
210,4,5068,1,1,0.3179912269115448,5068,1,1,0.15651345252990723,3361,0,1320,-0.461274653673172,5068,1,1,0.08071458339691162
211,8,5078,1,1,0.113584965467453,5088,1,1,0.19003283977508545,10223,0,3356,-0.43380874395370483,5088,1,1,0.2492101788520813
212,11,5106,1,1,0.20900288224220276,5106,1,1,0.11361509561538696,1438,0,762,-0.3452693223953247,5106,1,1,0.035754621028900146
213,13,5117,1,1,0.08168324828147888,5116,1,1,0.04676300287246704,10266,0,2003,-0.4900313913822174,5117,1,1,0.07355809211730957
214,12,5120,1,1,0.0013941824436187744,5120,1,1,0.03280651569366455,3582,0,1247,-0.29925912618637085,5120,1,1,0.038624107837677
215,30,5164,1,1,0.14034436643123627,1438,0,3,-0.06612277030944824,6208,0,762,-0.46552836894989014,4751,0,8,-0.0488455593585968
216,13,5198,1,1,0.09326490759849548,5217,0,13,-0.07353821396827698,4542,0,753,-0.3316624164581299,5217,0,70,-0.2857140898704529
217,12,5228,1,1,0.2854742705821991,5228,1,1,0.12625068426132202,10982,0,3628,-0.586778998374939,5228,1,1,0.09458673000335693
218,30,5286,1,1,0.13650423288345337,7864,0,15,-0.18247997760772705,10265,0,835,-0.3563055694103241,6322,0,17,-0.11982676386833191
219,46,5306,1,1,0.23464736342430115,5328,1,1,0.17891061305999756,3297,0,470,-0.22379666566848755,5328,1,1,0.12620463967323303
220,16,5401,1,1,0.1508738398551941,1092,0,81,-0.15766316652297974,13261,0,523,-0.5318178534507751,9191,0,24,-0.05853396654129028
221,7,5421,1,1,0.2694771885871887,5420,1,1,0.14736658334732056,2265,0,1450,-0.5743403434753418,5420,1,1,0.1773185431957245
222,19,5444,1,1,0.00950932502746582,2829,0,260,-0.26104024052619934,15051,0,170,-0.27023833990097046,2829,0,621,-0.269782155752182
223,16,5450,1,1,0.03938297927379608,8551,0,371,-0.2079489529132843,12506,0,424,-0.22132307291030884,9294,0,760,-0.329090416431427
224,29,5466,1,1,0.12846139073371887,5467,1,1,0.05857229232788086,16463,0,129,-0.23389965295791626,5466,1,1,0.06612512469291687
225,7,5547,1,1,0.3540279269218445,5547,1,1,0.1779106855392456,7363,0,4342,-0.5316826701164246,5547,1,1,0.19056683778762817
226,5,5569,1,1,0.18619000911712646,5569,1,1,0.00768280029296875,1012,0,91,-0.2367129921913147,8595,0,19,-0.0674140453338623
227,4,5591,1,1,0.2552289664745331,10764,0,25,-0.08376127481460571,821,0,1744,-0.3848673403263092,10652,0,67,-0.12499129772186279
228,2,5607,1,1,0.004149526357650757,5607,1,1,0.002482771873474121,6951,0,3205,-0.4564359188079834,3825,0,14,-0.15677514672279358
229,56,5615,1,1,0.14318311214447021,5756,1,1,0.061850547790527344,6326,0,68,-0.14570266008377075,5752,0,2,-0.016729652881622314
230,57,5742,1,1,0.02239939570426941,4985,0,61,-0.13256675004959106,13685,0,162,-0.4037109315395355,8654,0,233,-0.20929640531539917
231,3,5772,1,1,0.032289326190948486,5774,0,7,-0.06325507164001465,11528,0,637,-0.3701171278953552,5767,0,40,-0.20031139254570007
232,2,5784,1,1,0.20696675777435303,5787,0,2,-0.008003830909729004,4117,0,5840,-0.5255811214447021,5783,1,1,0.20306918025016785
233,5,5791,1,1,0.18169650435447693,5792,1,1,0.21194016933441162,18543,0,363,-0.2834409475326538,5792,1,1,0.2317357063293457
234,5,5801,1,1,0.14275747537612915,11386,0,40,-0.13959097862243652,4477,0,1143,-0.5782971382141113,11386,0,48,-0.18748623132705688
235,5,5818,1,1,0.29879358410835266,5818,1,1,0.22777605056762695,15110,0,5233,-0.5737755298614502,5818,1,1,0.15754809975624084
236,6,5837,1,1,0.12469810247421265,6145,0,2,-0.008906781673431396,1821,0,941,-0.2871400713920593,11347,0,895,-0.3511797785758972
237,6,7111,0,1343,-0.06638149172067642,9468,0,624,-0.24304276704788208,17748,0,494,-0.251100093126297,4956,0,266,-0.1513550728559494
238,10,5857,1,1,0.37828415632247925,5856,1,1,0.19569873809814453,13863,0,482,-0.5030348300933838,5856,1,1,0.16643428802490234
239,8,5867,1,1,0.07244706153869629,10432,0,374,-0.29130905866622925,16961,0,602,-0.291681706905365,4154,0,425,-0.24349021911621094
240,3,5884,1,1,0.023111164569854736,5876,0,5,-0.12254935503005981,17614,0,2882,-0.4379729926586151,5882,0,9,-0.19964072108268738
241,21,6593,0,30,-0.0806904211640358,8435,0,334,-0.1977384090423584,18308,0,1721,-0.41231945157051086,6416,0,126,-0.12653350830078125
242,18,6025,0,2,-0.053232342004776,18578,0,15,-0.09096133708953857,5671,0,2322,-0.39269179105758667,18582,0,3,-0.08229866623878479
243,10,6066,1,1,0.12562796473503113,6066,1,1,0.011585384607315063,8349,0,278,-0.3216322660446167,7109,0,4,-0.08087480068206787
244,11,6099,1,1,0.346189022064209,6099,1,1,0.12205523252487183,11429,0,526,-0.48350486159324646,6099,1,1,0.19894886016845703
245,16,6114,1,1,0.3190920352935791,6118,1,1,0.003273189067840576,409,0,592,-0.25038009881973267,6117,1,1,0.024942457675933838
246,3,6126,1,1,0.07589453458786011,6126,1,1,0.04535394906997681,16044,0,8816,-0.6672978401184082,6124,0,3,-0.019694805145263672
247,2,6136,1,1,0.05776876211166382,6135,1,1,0.03096461296081543,16630,0,15098,-0.7505296468734741,6134,0,2,-0.040177345275878906
248,6,6153,1,1,0.1552692949771881,8604,0,3,-0.07519978284835815,2524,0,228,-0.2900477349758148,8718,0,29,-0.15676617622375488
249,14,6194,0,2,-0.03093189001083374,6181,1,1,0.06696736812591553,10164,0,2630,-0.3668985962867737,6192,1,1,0.0578494668006897
250,6,6216,1,1,0.10152533650398254,3459,0,44,-0.10690787434577942,15128,0,4729,-0.418884813785553,15521,0,194,-0.1510518193244934
251,10,6236,1,1,0.15188270807266235,6236,1,1,0.043487727642059326,11548,0,2176,-0.3431348204612732,7908,0,3,-0.03495556116104126
252,6,6263,1,1,0.2119034230709076,6264,1,1,0.16012781858444214,14435,0,3146,-0.4496001899242401,6264,1,1,0.12191545963287354
253,7,6287,1,1,0.2474101185798645,10719,0,2,-0.01421421766281128,13211,0,1205,-0.3345966041088104,9279,0,8,-0.10796242952346802
254,8,6309,1,1,0.07666164636611938,4152,0,2,-0.025943994522094727,10065,0,3452,-0.510934591293335,4152,0,2,-0.06738889217376709
255,8,8874,0,69,-0.060346513986587524,8866,0,257,-0.2174968719482422,7677,0,1989,-0.6053578853607178,8866,0,862,-0.304843008518219
256,5,6350,1,1,0.1898755133152008,6350,1,1,0.06616479158401489,13092,0,248,-0.16188976168632507,10351,0,2,-0.04377853870391846
257,7,6363,1,1,0.0008114874362945557,8064,0,2,-0.009598225355148315,12650,0,4475,-0.479783296585083,8068,0,27,-0.1336987316608429
258,13,6371,1,1,0.014148890972137451,5976,0,4,-0.1411961317062378,16474,0,1886,-0.3159533143043518,6377,1,1,0.09867465496063232
259,13,6383,1,1,0.2646937370300293,13865,0,5,-0.0871049165725708,13565,0,2663,-0.3895692229270935,6383,1,1,0.021682679653167725
260,21,6460,1,1,0.21438975632190704,5871,0,2,-0.0009258389472961426,2589,0,541,-0.4631916284561157,6460,1,1,0.10249635577201843
261,9,6492,1,1,0.35483434796333313,6492,1,1,0.26620376110076904,3866,0,2182,-0.33861857652664185,6491,1,1,0.14321720600128174
262,8,6508,1,1,0.2228686809539795,6507,1,1,0.06538534164428711,3203,0,10,-0.07082390785217285,4252,0,12,-0.14769279956817627
263,5,6514,1,1,0.36702314019203186,6501,0,5,-0.06496155261993408,471,0,2630,-0.46265581250190735,6501,0,6,-0.11469918489456177
264,5,6523,1,1,0.25721362233161926,8179,0,20,-0.07408219575881958,8710,0,12326,-0.48464688658714294,10744,0,6,-0.05686354637145996
265,6,6529,1,1,0.22474375367164612,6531,1,1,0.06823283433914185,15204,0,963,-0.35452187061309814,6531,1,1,0.06318747997283936
266,6,6536,1,1,0.21265137195587158,8408,0,15,-0.14821657538414001,14133,0,375,-0.27475857734680176,8410,0,6,-0.059676915407180786
267,13,6543,1,1,0.037239283323287964,6542,1,1,0.0026649832725524902,1484,0,163,-0.22364819049835205,6541,0,2,-0.04969930648803711
268,15,6551,1,1,0.04249370098114014,6355,0,19,-0.07609701156616211,17928,0,3889,-0.4784703850746155,2868,0,7,-0.05682292580604553
269,28,6616,1,1,0.35483360290527344,6464,0,31,-0.26883354783058167,3019,0,322,-0.3846297860145569,6463,0,368,-0.32398325204849243
270,8,6620,1,1,0.02761852741241455,1142,0,1490,-0.32076433300971985,10024,0,578,-0.6513450741767883,1142,0,55,-0.21867042779922485
271,15,6636,1,1,0.042804449796676636,6466,0,57,-0.10418549180030823,351,0,1089,-0.32588785886764526,6469,0,11,-0.08746731281280518
272,7,6643,1,1,0.1320984959602356,6643,1,1,0.26397839188575745,7954,0,6403,-0.5141457319259644,6643,1,1,0.28783470392227173
273,8,6677,1,1,0.053455889225006104,6678,0,2,-0.007181525230407715,3128,0,2430,-0.43348756432533264,6677,1,1,0.12741827964782715
274,4,6750,1,1,0.09944760799407959,6752,0,7,-0.03335994482040405,18324,0,12038,-0.4930277168750763,6752,0,3,-0.014346778392791748
275,6,6771,1,1,0.39684629440307617,6771,1,1,0.022861838340759277,12305,0,7278,-0.5775421261787415,6770,1,1,0.009811222553253174
276,3,6775,1,1,0.03547891974449158,17878,0,289,-0.18950968980789185,5747,0,2999,-0.4384056627750397,15005,0,18,-0.13483572006225586
277,12,6802,1,1,0.13897687196731567,11729,0,30,-0.14661163091659546,18736,0,2049,-0.40272098779678345,6518,0,22,-0.0923890769481659
278,2,6857,1,1,0.15739181637763977,6857,1,1,0.11444723606109619,3989,0,1393,-0.3077720105648041,7864,0,8,-0.08127915859222412
279,2,6864,1,1,0.013432472944259644,3569,0,10,-0.07402265071868896,10643,0,5038,-0.33570393919944763,3571,0,25,-0.17531725764274597
280,3,6871,1,1,0.2294444441795349,6871,1,1,0.05750119686126709,15788,0,6841,-0.5171321630477905,10410,0,28,-0.10283142328262329
281,5,6879,1,1,0.2989785671234131,6879,1,1,0.24279576539993286,18869,0,2347,-0.3924413323402405,6879,1,1,0.12885069847106934
282,14,6893,1,1,0.23977933824062347,4609,0,2,-0.055870115756988525,16152,0,3556,-0.4005354046821594,1407,0,2,-0.011351168155670166
283,7,6909,1,1,0.1723293960094452,6906,0,2,-0.0013398528099060059,12250,0,1915,-0.1985270082950592,6909,1,1,0.09139186143875122
284,5,6945,1,1,0.07337513566017151,8771,0,153,-0.19280362129211426,14421,0,101,-0.2943944036960602,688,0,13,-0.12156420946121216
285,13,6996,1,1,0.1497497856616974,6995,1,1,0.035024166107177734,1355,0,370,-0.3517468571662903,15780,0,4,-0.023868650197982788
286,9,7014,1,1,0.25328123569488525,7014,1,1,0.10312342643737793,14564,0,1672,-0.24903443455696106,7014,1,1,0.19272774457931519
287,1,7037,0,6,-0.1294221580028534,7036,0,57,-0.29508668184280396,8111,0,8340,-0.5800057053565979,5907,0,196,-0.2293243408203125
288,3,7044,1,1,0.01914086937904358,7755,0,6,-0.05429151654243469,16697,0,1175,-0.3243482708930969,7737,0,5,-0.049987614154815674
289,2,7750,0,10,-0.15082022547721863,7049,0,148,-0.20086324214935303,9855,0,8168,-0.6381062865257263,7049,0,1300,-0.23085848987102509
290,8,7067,1,1,0.044581472873687744,17325,0,389,-0.259587824344635,15204,0,104,-0.33684423565864563,7064,1,1,0.03683650493621826
291,19,7091,1,1,0.25536543130874634,3426,0,3,-0.021984070539474487,17711,0,671,-0.3687377870082855,6902,0,2,-0.07760822772979736
292,1,7109,1,1,0.13379046320915222,6063,0,9,-0.12463212013244629,15329,0,16618,-0.7145165801048279,7109,1,1,0.09443819522857666
293,22,7130,1,1,0.6599298715591431,7130,1,1,0.24340203404426575,15022,0,341,-0.2697618007659912,7129,1,1,0.12404075264930725
294,27,7160,1,1,0.013995587825775146,6038,0,80,-0.3016658425331116,18037,0,711,-0.39173805713653564,6059,0,78,-0.20110756158828735
295,5,7178,1,1,0.16420885920524597,12274,0,964,-0.2617986798286438,14789,0,2676,-0.5087025165557861,7360,0,166,-0.18189644813537598
296,35,7213,1,1,0.25723427534103394,7213,1,1,0.09916836023330688,15224,0,296,-0.24158290028572083,8024,0,2,-0.010675758123397827
297,17,7312,1,1,0.013982906937599182,4116,0,131,-0.19426697492599487,7526,0,2079,-0.4365285634994507,4116,0,676,-0.256661057472229
298,5,7371,1,1,0.4127320647239685,7369,1,1,0.1144639253616333,10648,0,919,-0.38623106479644775,7370,1,1,0.010880827903747559
299,8,7378,1,1,0.42318037152290344,7378,1,1,0.30960601568222046,7162,0,349,-0.2740206718444824,7378,1,1,0.14098450541496277
300,5,7385,1,1,0.09758618474006653,7386,1,1,0.22074604034423828,16026,0,3178,-0.6135468482971191,7386,1,1,0.1500798463821411
301,7,7397,1,1,0.12487034499645233,1403,0,255,-0.21750116348266602,13647,0,2200,-0.4480431079864502,1403,0,534,-0.3021082878112793
302,11,7401,1,1,0.0925411581993103,7400,0,4,-0.06936585903167725,14377,0,384,-0.2915889024734497,7402,1,1,0.03042733669281006
303,14,7425,1,1,0.4043356478214264,7425,1,1,0.2890559434890747,5296,0,3204,-0.3342272639274597,7425,1,1,0.2844540476799011
304,13,7474,1,1,0.1963401436805725,8325,0,4,-0.06352293491363525,11671,0,3496,-0.6413558721542358,8325,0,3,-0.005067676305770874
305,5,7490,1,1,0.03270679712295532,18366,0,71,-0.10832664370536804,8852,0,3440,-0.3697620630264282,11302,0,373,-0.14680981636047363
306,4,7505,1,1,0.10645899176597595,2955,0,62,-0.21214663982391357,15409,0,17052,-0.8553632497787476,2955,0,230,-0.2989957332611084
307,7,7513,1,1,0.11569400131702423,12573,0,2945,-0.4230298399925232,15698,0,6320,-0.45943889021873474,12573,0,2090,-0.4210498332977295
308,10,7520,1,1,0.1428123414516449,7520,1,1,0.024791061878204346,12990,0,3108,-0.4414113461971283,3969,0,2,-0.07162779569625854
309,8,7541,1,1,0.1030585765838623,7529,1,1,0.0061064958572387695,808,0,530,-0.42212527990341187,7530,1,1,0.09358859062194824
310,19,7566,1,1,0.09096750617027283,7561,1,1,0.07675760984420776,3856,0,722,-0.36379724740982056,2200,0,2,-0.02370274066925049
311,18,7631,1,1,0.07912182807922363,7615,1,1,0.00893247127532959,14297,0,725,-0.49303045868873596,7615,1,1,0.01275855302810669
312,2,17402,0,1129,-0.11491811275482178,7035,0,451,-0.29848551750183105,17357,0,14040,-0.49799036979675293,678,0,760,-0.3298770785331726
313,6,7655,1,1,0.029146358370780945,9809,0,1023,-0.29743123054504395,11403,0,6908,-0.374406635761261,17119,0,5742,-0.35196757316589355
314,24,7722,1,1,0.14199402928352356,7719,1,1,0.03279954195022583,5059,0,1472,-0.43856269121170044,17721,0,18,-0.15890738368034363
315,2,7754,0,18,-0.14203065633773804,13258,0,147,-0.22712412476539612,848,0,3400,-0.6729164719581604,7693,0,2,-0.005045711994171143
316,9,7770,1,1,0.4479439854621887,7770,1,1,0.09726527333259583,2745,0,1306,-0.5996763706207275,7770,1,1,0.16066157817840576
317,11,7774,1,1,0.5048661231994629,7774,1,1,0.3208391070365906,2564,0,459,-0.25243163108825684,7774,1,1,0.37213438749313354
318,27,7815,1,1,0.08947885036468506,7816,1,1,0.11555886268615723,8996,0,105,-0.3412557542324066,5061,0,4,-0.04572361707687378
319,25,7938,1,1,0.17863261699676514,7938,1,1,0.009242892265319824,12041,0,733,-0.5105881094932556,12857,0,2,-0.01372826099395752
320,14,7963,1,1,0.2913256883621216,7963,1,1,0.04232311248779297,13456,0,150,-0.3653964400291443,7963,1,1,0.06546980142593384
321,4,8054,1,1,0.13467875123023987,6035,0,92,-0.25680631399154663,4082,0,5613,-0.49733102321624756,6035,0,849,-0.41212713718414307
322,23,8071,1,1,0.03352281451225281,6066,0,6,-0.12131345272064209,15941,0,1240,-0.5501072406768799,6066,0,12,-0.14143747091293335
323,34,8137,1,1,0.31889235973358154,8113,1,1,0.06611776351928711,6629,0,230,-0.37764772772789,8137,1,1,0.007307291030883789
324,7,8180,1,1,0.13298878073692322,8755,0,76,-0.16786813735961914,13336,0,607,-0.3316497504711151,11458,0,15,-0.14436334371566772
325,10,8188,1,1,0.01884828507900238,11971,0,265,-0.20866602659225464,18396,0,639,-0.32280677556991577,8554,0,795,-0.2261473536491394
326,5,8196,1,1,0.09174075722694397,8196,1,1,0.13619321584701538,3974,0,3462,-0.42412203550338745,8196,1,1,0.1394166648387909
327,5,8209,1,1,0.3445506989955902,8209,1,1,0.02823445200920105,4547,0,2255,-0.3297930359840393,8207,1,1,0.16012051701545715
328,2,8218,1,1,0.10011470317840576,1506,0,3154,-0.3474786579608917,5010,0,3310,-0.3415304124355316,4124,0,6293,-0.34705641865730286
329,5,8227,1,1,0.4443128705024719,8227,1,1,0.15069299936294556,11246,0,2801,-0.6425676345825195,8226,1,1,0.016509592533111572
330,13,8235,1,1,0.10325995087623596,8246,1,1,0.04403108358383179,13929,0,1225,-0.3618292808532715,8242,0,7,-0.0936715304851532
331,7,8262,1,1,0.062129512429237366,8262,1,1,0.13763892650604248,1376,0,6805,-0.5382987260818481,1160,0,24,-0.1194714605808258
332,5,8272,1,1,0.2468346357345581,8271,1,1,0.14249375462532043,8648,0,2632,-0.34199193120002747,12559,0,2,-0.0002573728561401367
333,5,8291,1,1,0.2313377559185028,8292,1,1,0.03171747922897339,9521,0,13004,-0.6955234408378601,8291,1,1,0.004832923412322998
334,12,8316,1,1,0.4120826721191406,8316,1,1,0.16642045974731445,17826,0,192,-0.4408907890319824,8316,1,1,0.08747842907905579
335,6,5537,0,3,-0.009578421711921692,9607,0,263,-0.21665802597999573,7887,0,1074,-0.34285664558410645,9607,0,1906,-0.30249375104904175
336,7,8339,0,2,-0.03101038932800293,8340,1,1,0.07001662254333496,6072,0,332,-0.32900357246398926,8340,1,1,0.04670095443725586
337,4,8382,1,1,0.031069695949554443,11924,0,4,-0.03750121593475342,3367,0,3313,-0.534695565700531,11924,0,9,-0.09509652853012085
338,9,5263,0,97,-0.065878726541996,698,0,897,-0.27046316862106323,9548,0,310,-0.2970302402973175,13736,0,666,-0.2607446312904358
339,14,10320,0,15,-0.01912686973810196,16784,0,264,-0.1432199776172638,16864,0,80,-0.3629228472709656,16777,0,4,-0.020241618156433105
340,8,8469,1,1,0.01856142282485962,8458,0,6,-0.03626668453216553,521,0,3277,-0.38108015060424805,8460,0,5,-0.09486886858940125
341,6,8508,1,1,0.4898001551628113,8508,1,1,0.09916907548904419,10796,0,1988,-0.5486318469047546,8508,1,1,0.030850112438201904
342,4,8515,1,1,0.369912713766098,13330,0,14,-0.0763494074344635,6593,0,6237,-0.42121511697769165,8515,1,1,0.00438043475151062
343,6,8526,1,1,0.41098159551620483,8526,1,1,0.08301997184753418,13425,0,546,-0.31759384274482727,8527,1,1,0.0813305675983429
344,16,8534,1,1,0.1474497765302658,9362,0,62,-0.2628110647201538,10831,0,1011,-0.7461825609207153,9364,0,229,-0.2511080205440521
345,15,8547,1,1,0.1077294796705246,11415,0,345,-0.2510445713996887,14787,0,1571,-0.3221181631088257,6275,0,600,-0.27402275800704956
346,9,8558,1,1,0.3016151785850525,8558,1,1,0.10512083768844604,6903,0,3091,-0.41992878913879395,8558,1,1,0.033023715019226074
347,4,8567,1,1,0.2545729875564575,8567,1,1,0.009976029396057129,1160,0,2253,-0.3500899076461792,12302,0,3,-0.031897008419036865
348,12,8573,1,1,0.21977496147155762,6915,0,11,-0.05294167995452881,16150,0,961,-0.4325905740261078,9347,0,8,-0.10533776879310608
349,7,8602,1,1,0.28762614727020264,6262,0,2,-0.020887792110443115,7716,0,177,-0.14999699592590332,11222,0,4,-0.027006864547729492
350,9,8622,1,1,0.23495808243751526,8622,1,1,0.27321070432662964,8233,0,656,-0.24416032433509827,8622,1,1,0.17141497135162354
351,2,8634,1,1,0.10683086514472961,12124,0,21,-0.07810497283935547,16368,0,10648,-0.5688039064407349,8634,1,1,0.051803797483444214
352,16,1376,0,6,-0.016881637275218964,11282,0,750,-0.26095646619796753,8276,0,333,-0.2731345295906067,12338,0,539,-0.16213755309581757
353,9,8673,1,1,0.08486184477806091,8671,0,4,-0.04108530282974243,4115,0,17,-0.1921404004096985,8700,0,2,-0.0019690394401550293
354,16,8737,1,1,0.24162635207176208,8738,1,1,0.12111526727676392,2770,0,523,-0.3521483838558197,11333,0,2,-0.0366402268409729
355,12,8784,1,1,0.04440253973007202,8779,1,1,0.04526078701019287,15148,0,2125,-0.4121650457382202,8785,1,1,0.0470430850982666
356,18,8794,1,1,0.17669463157653809,2947,0,4,-0.01663970947265625,686,0,93,-0.20411130785942078,18173,0,8,-0.05347239971160889
357,5,8807,1,1,0.23065586388111115,8807,1,1,0.008367002010345459,3016,0,3479,-0.32204103469848633,6186,0,46,-0.13338637351989746
358,5,8812,1,1,0.2401856631040573,8814,1,1,0.08065766096115112,14747,0,5686,-0.5062265992164612,6173,0,7,-0.11404436826705933
359,20,8836,1,1,0.11094287037849426,17095,0,41,-0.13260376453399658,2805,0,2547,-0.3863563537597656,8849,0,7,-0.07436764240264893
360,23,8898,1,1,0.20365849137306213,8925,1,1,0.05980253219604492,1829,0,1335,-0.5020843744277954,7262,0,11,-0.07510846853256226
361,8,8936,1,1,0.2421991229057312,8936,1,1,0.17123329639434814,9047,0,694,-0.2275967001914978,8936,1,1,0.10755398869514465
362,3,8951,1,1,0.053364187479019165,8389,0,399,-0.24174851179122925,9361,0,15323,-0.6451835036277771,8362,0,549,-0.2157375067472458
363,13,8950,0,27,-0.1848507523536682,4812,0,1417,-0.26069143414497375,12100,0,3127,-0.3769831657409668,6965,0,2249,-0.2883042097091675
364,2,8988,1,1,0.22948503494262695,8988,1,1,0.1491369605064392,8128,0,8314,-0.4766758680343628,8988,1,1,0.07501581311225891
365,10,9009,1,1,0.013085946440696716,27,0,22,-0.08530423045158386,14514,0,586,-0.5282933115959167,38,0,15,-0.07681819796562195
366,16,9048,1,1,0.14622041583061218,12742,0,8,-0.017841756343841553,2080,0,1275,-0.36634141206741333,12624,0,12,-0.08056002855300903
367,14,9123,1,1,0.216526061296463,10583,0,3,-0.013606548309326172,10880,0,648,-0.3459942638874054,4020,0,33,-0.08270615339279175
368,4,9170,1,1,0.0013594478368759155,10027,0,4073,-0.33561980724334717,18690,0,2135,-0.3588474988937378,1160,0,2425,-0.2732003331184387
369,9,9188,1,1,0.1523197591304779,9189,1,1,0.08930021524429321,11600,0,216,-0.3324930667877197,8560,0,2,-0.001888573169708252
370,9,9205,1,1,0.08412858843803406,7017,0,64,-0.12465199828147888,99,0,52,-0.3409655690193176,15440,0,64,-0.1768944263458252
371,7,9221,1,1,0.21394650638103485,2656,0,5,-0.04582732915878296,4516,0,565,-0.2883988618850708,17859,0,26,-0.11307200789451599
372,18,9259,1,1,0.19438675045967102,11433,0,4,-0.04072368144989014,16507,0,1047,-0.27660423517227173,11433,0,6,-0.026844680309295654
373,3,9268,0,3,-0.09085583686828613,10115,0,15,-0.13401848077774048,5393,0,10757,-0.7365385293960571,10115,0,4,-0.08235573768615723
374,19,9275,1,1,0.2784741520881653,9258,0,2,-0.050341904163360596,2277,0,1734,-0.4444710910320282,9258,0,2,-0.07922667264938354
375,13,9299,1,1,0.09760081768035889,9944,0,241,-0.19678997993469238,8661,0,807,-0.4103999137878418,11450,0,366,-0.2306877076625824
376,5,9306,1,1,0.38060230016708374,12026,0,3,-0.11900448799133301,12385,0,5011,-0.5019096732139587,5736,0,13,-0.10139253735542297
377,4,9314,1,1,0.006986826658248901,9314,1,1,0.11592715978622437,12782,0,2351,-0.45911985635757446,9314,1,1,0.09926766157150269
378,8,9332,1,1,0.3084701895713806,9332,1,1,0.23216331005096436,12125,0,790,-0.30565038323402405,9332,1,1,0.23554158210754395
379,12,9348,1,1,0.027683943510055542,9388,0,30,-0.09938234090805054,14233,0,2281,-0.592154860496521,9388,0,424,-0.34801313281059265
380,12,9357,1,1,0.3593566417694092,9357,1,1,0.02090555429458618,1184,0,1403,-0.3600437045097351,9357,1,1,0.032808005809783936
381,19,9418,1,1,0.2997477948665619,9419,1,1,0.11075663566589355,985,0,859,-0.45284074544906616,9419,1,1,0.1390891671180725
382,24,9435,1,1,0.01755593717098236,13329,0,68,-0.11248724162578583,11045,0,703,-0.2491346299648285,17613,0,290,-0.15718694031238556
383,8,9459,1,1,0.24143517017364502,9472,1,1,0.12492191791534424,12071,0,211,-0.3541494309902191,9472,1,1,0.11158978939056396
384,15,9500,1,1,0.18766841292381287,9500,1,1,0.0858755111694336,8475,0,1477,-0.3478984832763672,9499,1,1,0.009049534797668457
385,3,9570,1,1,0.24510805308818817,9570,1,1,0.20865541696548462,12281,0,6832,-0.6773639917373657,9570,1,1,0.33761051297187805
386,9,9582,1,1,0.14102721214294434,9582,1,1,0.02251136302947998,3223,0,962,-0.30930715799331665,5594,0,9,-0.07679790258407593
387,15,9594,1,1,0.27939966320991516,10783,0,18,-0.04957282543182373,18775,0,367,-0.4294423460960388,10750,0,89,-0.17630553245544434
388,18,9629,1,1,0.23493880033493042,9629,1,1,0.1254100203514099,4154,0,428,-0.25066494941711426,9629,1,1,0.11804217100143433
389,18,9635,1,1,0.23991531133651733,9635,1,1,0.21784967184066772,3449,0,178,-0.3394848108291626,9635,1,1,0.31265199184417725
390,5,9652,1,1,0.2895658612251282,9653,1,1,0.11599230766296387,9137,0,136,-0.126530259847641,9652,1,1,0.0927557647228241
391,1,9671,0,41,-0.29769495129585266,14910,0,8540,-0.40030792355537415,10070,0,15752,-0.860722541809082,14912,0,17569,-0.4100252687931061
392,32,9738,1,1,0.09700903296470642,317,0,3,-0.07933428883552551,8837,0,340,-0.39093291759490967,317,0,4,-0.019068479537963867
393,10,9753,1,1,0.15333768725395203,9754,1,1,0.18480408191680908,7091,0,2993,-0.47086742520332336,9754,1,1,0.1861141324043274
394,33,9777,1,1,0.15966302156448364,18515,0,2,-0.053143322467803955,12172,0,8,-0.1541948914527893,17305,0,11,-0.06304198503494263
395,7,9783,1,1,0.2873869836330414,4962,0,170,-0.16606226563453674,545,0,1393,-0.4351769685745239,9046,0,123,-0.16264671087265015
396,10,9814,1,1,0.17426332831382751,9814,1,1,0.03522205352783203,14240,0,3333,-0.5617675185203552,9814,1,1,0.06407821178436279
397,27,9848,1,1,0.09313780069351196,9847,1,1,0.08920347690582275,5167,0,234,-0.3380088210105896,9896,1,1,0.006512820720672607
398,17,9911,1,1,0.1769060492515564,9911,1,1,0.127829909324646,10925,0,746,-0.184254989027977,9911,1,1,0.07240033149719238
399,21,9962,1,1,0.14129865169525146,9991,1,1,0.04335302114486694,6407,0,2790,-0.30209267139434814,11388,0,7,-0.06028848886489868
400,10,10008,1,1,0.06837153434753418,9905,0,2,-0.004640638828277588,16800,0,364,-0.2676970958709717,9905,0,5,-0.04338341951370239
401,3,10028,1,1,0.3072096109390259,8264,0,2,-0.03082096576690674,17295,0,8011,-0.5224214792251587,7189,0,21,-0.12141552567481995
402,16,10033,1,1,0.15611113607883453,10046,1,1,0.028753995895385742,11332,0,2134,-0.4166601896286011,10047,1,1,0.02224460244178772
403,10,10090,1,1,0.06667104363441467,3207,0,189,-0.1453557014465332,6243,0,648,-0.25172632932662964,10753,0,4,-0.04784810543060303
404,4,10116,1,1,0.10564327239990234,8384,0,6,-0.0548555850982666,5133,0,7016,-0.6028576493263245,11518,0,6,-0.031766533851623535
405,16,10124,1,1,0.17880979180335999,8127,0,14,-0.0886998176574707,13235,0,1015,-0.42770618200302124,2927,0,127,-0.21696966886520386
406,13,10130,1,1,0.06834927201271057,10140,1,1,0.08984506130218506,10629,0,615,-0.2709072232246399,10140,1,1,0.06938117742538452
407,12,10150,1,1,0.3022090792655945,10152,1,1,0.14933335781097412,14004,0,2514,-0.5268105268478394,10153,1,1,0.03612726926803589
408,24,10184,1,1,0.28588035702705383,10184,1,1,0.14227861166000366,2135,0,557,-0.33379390835762024,10184,1,1,0.05281490087509155
409,5,10197,1,1,0.3097790479660034,12243,0,54,-0.20729166269302368,7013,0,4974,-0.5940496921539307,11792,0,8197,-0.3041510283946991
410,3,10201,0,2,-0.00386771559715271,6206,0,22,-0.06961396336555481,10254,0,9165,-0.7377669811248779,10202,0,6,-0.029541343450546265
411,31,10232,1,1,0.021009482443332672,10956,0,3683,-0.322373628616333,14787,0,173,-0.19027051329612732,10740,0,66,-0.13499435782432556
412,14,8076,0,1999,-0.19534307718276978,6055,0,2503,-0.442302405834198,4274,0,257,-0.29748642444610596,4443,0,1534,-0.37847527861595154
413,14,10272,1,1,0.1685626208782196,10272,1,1,0.09861797094345093,4304,0,216,-0.4101862609386444,10272,1,1,0.13129961490631104
414,14,10242,0,5387,-0.29257288575172424,10243,0,11281,-0.6880730986595154,7436,0,887,-0.3086274564266205,7989,0,11309,-0.6437442302703857
415,4,10293,1,1,0.18881818652153015,9235,0,15,-0.06553202867507935,17609,0,706,-0.5235391855239868,2498,0,54,-0.14446842670440674
416,19,10318,1,1,0.28759193420410156,10276,0,2,-0.00928354263305664,17287,0,563,-0.4077586233615875,10276,0,6,-0.1339113712310791
417,31,10325,1,1,0.03134492039680481,2396,0,148,-0.22649744153022766,1124,0,793,-0.28013551235198975,11820,0,29,-0.11298617720603943
418,3,10338,1,1,0.248554527759552,11412,0,3,-0.03233444690704346,15216,0,6988,-0.5139880180358887,10338,1,1,0.0005797147750854492
419,10,10348,1,1,0.18930676579475403,12851,0,7,-0.07739764451980591,17808,0,1123,-0.40643712878227234,13524,0,7,-0.1076807975769043
420,3,10359,1,1,0.14817705750465393,10359,1,1,0.06998831033706665,2113,0,763,-0.266456663608551,10359,1,1,0.1302909255027771
421,8,10366,1,1,0.1398184448480606,863,0,41,-0.11908617615699768,10199,0,343,-0.2901860475540161,865,0,781,-0.2986474335193634
422,39,10411,1,1,0.30732932686805725,10411,1,1,0.0637100338935852,12093,0,434,-0.3020549714565277,10411,1,1,0.23494702577590942
423,14,10518,1,1,0.1578103005886078,10340,0,269,-0.1833438277244568,17811,0,382,-0.24003350734710693,10341,0,531,-0.21806466579437256
424,15,10554,1,1,0.14779025316238403,12549,0,3,-0.03529271483421326,18626,0,771,-0.2312391996383667,12549,0,57,-0.16457098722457886
425,15,10584,1,1,0.2051612138748169,10585,1,1,0.02974855899810791,14536,0,327,-0.2979668974876404,6173,0,2,-0.014190912246704102
426,12,10628,1,1,0.23535940051078796,2826,0,3,-0.025680184364318848,3629,0,59,-0.2966001331806183,5233,0,3,-0.027279973030090332
427,5,10668,1,1,0.13366952538490295,1290,0,20,-0.13970404863357544,7358,0,219,-0.23454761505126953,10672,0,12,-0.0626046359539032
428,10,10694,1,1,0.23564976453781128,10694,1,1,0.06679660081863403,292,0,2892,-0.42436110973358154,10694,1,1,0.02675795555114746
429,13,10733,1,1,0.2158111333847046,10734,1,1,0.04533660411834717,15423,0,3151,-0.38602304458618164,2076,0,3,-0.08276599645614624
430,12,10739,1,1,0.29590508341789246,10739,1,1,0.09813177585601807,15503,0,446,-0.44877296686172485,9395,0,3,-0.02399200201034546
431,4,10747,1,1,0.1587546467781067,3491,0,186,-0.1658901572227478,16644,0,4923,-0.46399980783462524,11387,0,623,-0.28942474722862244
432,9,10755,1,1,0.1454431414604187,10755,1,1,0.015468955039978027,12976,0,819,-0.499972403049469,1380,0,4,-0.0809141993522644
433,12,10786,1,1,0.010892093181610107,8555,0,11,-0.09238952398300171,13311,0,2909,-0.44564002752304077,8555,0,3,-0.0742223858833313
434,11,10811,1,1,0.2106553018093109,10812,1,1,0.22771313786506653,13082,0,1465,-0.3237275183200836,10804,1,1,0.0017583668231964111
435,41,10966,1,1,0.12123569846153259,10857,1,1,0.04382503032684326,249,0,95,-0.12954112887382507,10985,1,1,0.056607186794281006
436,14,11013,1,1,0.06258197128772736,8084,0,19,-0.08581507205963135,9935,0,282,-0.35951268672943115,12392,0,3,-0.024077951908111572
437,19,11074,1,1,0.46112754940986633,11074,1,1,0.03543764352798462,243,0,598,-0.3800370991230011,11074,1,1,0.03704392910003662
438,7,10242,0,2,-0.023449242115020752,10242,0,132,-0.2677622139453888,6341,0,1279,-0.5657682418823242,10242,0,43,-0.16285347938537598
439,12,7746,0,2,-0.017540186643600464,2893,0,2,-0.03463292121887207,15697,0,1110,-0.4389392137527466,11100,1,1,0.0833631157875061
440,8,11110,1,1,0.22559455037117004,11111,1,1,0.0550042986869812,3256,0,3376,-0.37777313590049744,11111,1,1,0.07207298278808594
441,5,11117,1,1,0.3227854073047638,10285,0,23,-0.1371985673904419,14598,0,7262,-0.4922941327095032,4435,0,13,-0.1168016791343689
442,4,11121,1,1,0.33298632502555847,11121,1,1,0.03823012113571167,16289,0,6538,-0.38343173265457153,11122,1,1,0.04901003837585449
443,5,11131,1,1,0.03948679566383362,49,0,9,-0.0543481707572937,8916,0,5525,-0.563206136226654,13962,0,185,-0.15211765468120575
444,12,11154,1,1,0.36456650495529175,11149,1,1,0.022471070289611816,4677,0,3112,-0.4584246277809143,7570,0,122,-0.1471155881881714
445,9,11170,0,2,-0.008752629160881042,11296,0,34,-0.13676345348358154,9198,0,352,-0.4153529405593872,11292,0,56,-0.1449432075023651
446,6,11172,0,2,-0.027742281556129456,2210,0,1298,-0.3420267403125763,4951,0,702,-0.5125299692153931,7623,0,344,-0.22204428911209106
447,12,11180,1,1,0.18745312094688416,10256,0,98,-0.1669127643108368,3607,0,4249,-0.6351346969604492,10256,0,39,-0.15637260675430298
448,19,11212,1,1,0.06424516439437866,3451,0,2,-0.03602081537246704,3179,0,201,-0.19483985006809235,3451,0,11,-0.10083717107772827
449,12,11263,0,3,-0.008567631244659424,2226,0,134,-0.16595351696014404,13564,0,125,-0.1377156674861908,11955,0,336,-0.23251843452453613
450,4,11303,1,1,0.12162917852401733,11401,0,33,-0.07129734754562378,9259,0,3213,-0.48926442861557007,5199,0,8,-0.05543854832649231
451,8,11318,1,1,0.2693101763725281,13681,0,1397,-0.31957846879959106,14758,0,335,-0.26508426666259766,6164,0,2753,-0.1973545253276825
452,21,11347,1,1,0.26562821865081787,11268,0,4,-0.014402031898498535,1954,0,711,-0.24674862623214722,11219,0,19,-0.0951148271560669
453,11,11372,1,1,0.3062860071659088,11372,1,1,0.157764732837677,18160,0,4178,-0.3760433793067932,11372,1,1,0.11110043525695801
454,21,11435,1,1,0.13322991132736206,2238,0,17,-0.14594203233718872,8452,0,320,-0.520546555519104,11457,1,1,0.029070734977722168
455,20,11470,1,1,0.30739837884902954,9352,0,11,-0.06267166137695312,17846,0,360,-0.19691026210784912,9354,0,4,-0.06830090284347534
456,5,11493,1,1,0.27923479676246643,11493,1,1,0.0819893479347229,12864,0,4611,-0.3291827142238617,11493,1,1,0.10424551367759705
457,7,6894,0,10,-0.045880913734436035,7511,0,93,-0.15033316612243652,11746,0,925,-0.44956648349761963,15339,0,1138,-0.30481579899787903
458,8,11544,1,1,0.11044558882713318,11531,0,2,-0.026812255382537842,5378,0,2035,-0.4817582368850708,11531,0,2,-0.012355208396911621
459,10,11554,1,1,0.29171475768089294,11554,1,1,0.10213887691497803,2906,0,533,-0.328271746635437,11553,1,1,0.035404205322265625
460,5,11570,1,1,0.27163416147232056,11590,1,1,0.05819123983383179,2294,0,1878,-0.32577431201934814,11590,1,1,0.02364325523376465
461,13,11625,1,1,0.1270948350429535,11604,0,2,-0.010204076766967773,11373,0,10,-0.07547378540039062,11604,0,2,-0.024393916130065918
462,5,11642,1,1,0.19619056582450867,11641,1,1,0.04977160692214966,8869,0,8286,-0.5891691446304321,11641,1,1,0.02124708890914917
463,20,11680,1,1,0.24802067875862122,11680,1,1,0.32775193452835083,654,0,175,-0.3016047477722168,11680,1,1,0.3174087405204773
464,4,11784,1,1,0.2644808888435364,11785,1,1,0.09008821845054626,7185,0,2019,-0.4047679901123047,2783,0,4,-0.06344324350357056
465,4,12250,1,1,0.2914428412914276,12247,0,3,-0.023660123348236084,16566,0,4429,-0.6031628847122192,12250,1,1,0.07770058512687683
466,14,11828,1,1,0.20360836386680603,7981,0,3,-0.034649550914764404,15366,0,54,-0.09037023782730103,11829,1,1,0.034376323223114014
467,9,11852,1,1,0.18743419647216797,11852,1,1,0.07621121406555176,4661,0,10,-0.26300573348999023,11852,1,1,0.04805392026901245
468,9,11868,1,1,0.05443202704191208,15489,0,5106,-0.3218636214733124,1553,0,2429,-0.40085431933403015,15244,0,602,-0.19613228738307953
469,7,11881,1,1,0.1990543007850647,11881,1,1,0.13905984163284302,14860,0,3362,-0.5642780661582947,11881,1,1,0.0433618426322937
470,13,11899,1,1,0.3119136095046997,11898,1,1,0.09102392196655273,17442,0,4002,-0.6685543656349182,11897,1,1,0.08170449733734131
471,10,11925,0,2,-0.00589105486869812,5408,0,8,-0.053096115589141846,8596,0,94,-0.18729564547538757,5408,0,69,-0.1837003529071808
472,18,11959,1,1,0.052302151918411255,2237,0,453,-0.23121246695518494,14879,0,867,-0.3218478560447693,6917,0,79,-0.17003637552261353
473,12,11977,1,1,0.32334238290786743,11977,1,1,0.15324383974075317,5121,0,1789,-0.47799739241600037,11977,1,1,0.1250336766242981
474,17,11995,1,1,0.32505059242248535,11995,1,1,0.0909690260887146,12653,0,760,-0.3074602484703064,11995,1,1,0.15367358922958374
475,17,12019,1,1,0.14574715495109558,12019,1,1,0.05868881940841675,16055,0,80,-0.21439701318740845,12019,1,1,0.07146310806274414
476,18,12043,1,1,0.11069279909133911,8158,0,6,-0.05142557621002197,2264,0,1392,-0.4787064492702484,12042,1,1,0.03463023900985718
477,8,12045,1,1,0.02561543881893158,7391,0,23,-0.15327411890029907,5865,0,1779,-0.43723562359809875,11914,0,65,-0.21338263154029846
478,17,12056,1,1,0.034550219774246216,10271,0,3,-0.07292234897613525,340,0,2264,-0.5716032981872559,10271,0,2,-0.024901628494262695
479,5,12080,1,1,0.33969879150390625,12079,1,1,0.04935622215270996,10494,0,5779,-0.4881129860877991,12078,1,1,0.0818588137626648
480,11,12113,1,1,0.056196749210357666,9620,0,53,-0.08461558818817139,11723,0,643,-0.3470888137817383,2243,0,135,-0.2143458127975464
481,11,12177,1,1,0.3446943163871765,12178,1,1,0.13328033685684204,2590,0,1592,-0.3881697356700897,12178,1,1,0.0014497041702270508
482,5,12184,1,1,0.11148805916309357,12370,0,182,-0.26167169213294983,12955,0,688,-0.31790614128112793,7596,0,41,-0.1708657443523407
483,4,12190,1,1,0.17771196365356445,18868,0,417,-0.3132896423339844,8763,0,1085,-0.44405871629714966,9663,0,48,-0.1529780626296997
484,9,12202,1,1,0.21447989344596863,12201,1,1,0.12794893980026245,3203,0,5113,-0.5732607245445251,12201,1,1,0.10589447617530823
485,5,12208,1,1,0.02054305374622345,14027,0,2461,-0.3420577645301819,10468,0,11567,-0.640059769153595,18649,0,4580,-0.38920506834983826
486,19,12213,1,1,0.04397466778755188,7009,0,262,-0.1882772594690323,8055,0,625,-0.35923850536346436,7003,0,254,-0.17079299688339233
487,15,12264,1,1,0.329373836517334,12258,1,1,0.055055439472198486,10740,0,2880,-0.25397586822509766,12258,1,1,0.022776246070861816
488,35,12282,1,1,0.40083202719688416,12317,1,1,0.172143816947937,8809,0,38,-0.09448587894439697,12318,1,1,0.2782590687274933
489,5,12327,1,1,0.3536718487739563,12328,1,1,0.17034941911697388,16261,0,5614,-0.5201723575592041,12328,1,1,0.042515456676483154
490,6,12334,1,1,0.04505695402622223,9166,0,546,-0.41285741329193115,18634,0,1025,-0.39777493476867676,15096,0,130,-0.1305297315120697
491,6,12340,1,1,0.08202683925628662,1239,0,6,-0.06737786531448364,6850,0,735,-0.2817612290382385,4285,0,11,-0.05253008008003235
492,12,12349,1,1,0.30304601788520813,12349,1,1,0.126026451587677,4882,0,1347,-0.36661988496780396,12347,1,1,0.045162200927734375
493,5,12365,1,1,0.1774391233921051,11013,0,10,-0.08908402919769287,1046,0,3752,-0.5429593324661255,11013,0,76,-0.22873660922050476
494,38,12402,1,1,0.18041077256202698,12379,1,1,0.07901263236999512,11340,0,265,-0.2653510272502899,12375,1,1,0.011945486068725586
495,7,12466,1,1,0.19528621435165405,12466,1,1,0.22557508945465088,10803,0,620,-0.3185557723045349,12466,1,1,0.13195949792861938
496,10,12489,1,1,0.10469461977481842,10557,0,2,-0.057712018489837646,7892,0,161,-0.5213167667388916,414,0,90,-0.09765961766242981
497,16,12554,1,1,0.36351609230041504,12554,1,1,0.011253833770751953,1976,0,1245,-0.3355696201324463,5797,0,17,-0.07168710231781006
498,9,12559,1,1,0.2596852481365204,1434,0,2,-0.02236628532409668,3185,0,2513,-0.6529029011726379,1432,0,2,-0.0036458969116210938
499,6,12577,1,1,0.09235453605651855,13139,0,179,-0.26411548256874084,9926,0,746,-0.5101678371429443,13127,0,342,-0.24339275062084198
500,18,12691,1,1,0.04415161907672882,13128,0,105,-0.15462642908096313,6636,0,1086,-0.4071792662143707,13136,0,472,-0.23233643174171448
501,5,12781,1,1,0.12309765815734863,18492,0,11,-0.09478515386581421,5819,0,2912,-0.5537562370300293,18492,0,4,-0.07865405082702637
502,25,12805,1,1,0.23877662420272827,13097,0,3,-0.0030102133750915527,2126,0,509,-0.32352399826049805,3984,0,12,-0.08905988931655884
503,10,12816,1,1,0.45189160108566284,12815,1,1,0.27388322353363037,1439,0,777,-0.27714186906814575,12816,1,1,0.31232765316963196
504,8,12832,1,1,0.3240908980369568,12832,1,1,0.07407796382904053,3259,0,1128,-0.5651592016220093,13491,0,3,-0.0262623131275177
505,2,12842,1,1,0.051874563097953796,6436,0,2,-0.009072184562683105,9209,0,991,-0.7028548717498779,12841,1,1,0.009858131408691406
506,6,12849,1,1,0.27278611063957214,12852,1,1,0.04087841510772705,4863,0,5246,-0.47822287678718567,12853,1,1,0.08324146270751953
507,5,12860,1,1,0.07538396120071411,13979,0,4,-0.08539676666259766,1450,0,8297,-0.4598448574542999,17299,0,25,-0.18286439776420593
508,24,12891,1,1,0.04229271411895752,12926,0,11,-0.1319618821144104,1632,0,315,-0.6457800269126892,12922,0,29,-0.1398625671863556
509,29,12928,1,1,0.13400787115097046,17329,0,2,-0.03812223672866821,10899,0,449,-0.25386929512023926,17329,0,6,-0.05732196569442749
510,5,13132,1,1,0.08820617198944092,13106,0,50,-0.19604551792144775,7417,0,1177,-0.328995943069458,18785,0,134,-0.2400251030921936
511,7,13188,1,1,0.05510100722312927,13188,1,1,0.058510661125183105,15211,0,125,-0.40322133898735046,13188,1,1,0.001592397689819336
512,7,13221,1,1,0.20074355602264404,13231,1,1,0.009990811347961426,14569,0,613,-0.30495911836624146,13231,1,1,0.038103729486465454
513,22,13287,1,1,0.14983980357646942,5057,0,8,-0.08526751399040222,2550,0,1341,-0.42206108570098877,7043,0,24,-0.25350892543792725
514,5,13319,1,1,0.5419870018959045,13319,1,1,0.199415385723114,3583,0,5793,-0.4963776767253876,13319,1,1,0.11605405807495117
515,9,13334,1,1,0.18529058992862701,15669,0,2,-0.0028055906295776367,9252,0,3509,-0.5066800117492676,6266,0,5,-0.08521556854248047
516,7,13343,1,1,0.22028100490570068,13390,0,3,-0.05228140950202942,8863,0,4497,-0.5072512626647949,5373,0,17,-0.09010955691337585
517,4,13360,1,1,0.27567070722579956,13358,0,2,-0.03598660230636597,17416,0,8243,-0.700162410736084,13359,1,1,0.08652085065841675
518,5,13369,1,1,0.37186571955680847,17510,0,2,-0.026156842708587646,8885,0,4057,-0.5051350593566895,17510,0,2,-0.026612281799316406
519,3,13375,0,2,-0.01806473731994629,17394,0,7,-0.03319406509399414,6701,0,9057,-0.6316819190979004,12739,0,9,-0.028016746044158936
520,2,13390,1,1,0.10442742705345154,13386,0,4,-0.1342942714691162,5532,0,1883,-0.34163618087768555,13386,0,34,-0.292228639125824
521,6,13395,1,1,0.6465410590171814,13395,1,1,0.5035819411277771,17978,0,892,-0.27272897958755493,13395,1,1,0.5325230360031128
522,22,13417,1,1,0.24586930871009827,13417,1,1,0.05817502737045288,8679,0,304,-0.2167423665523529,9503,0,12,-0.16436588764190674
523,8,13434,1,1,0.41631489992141724,13434,1,1,0.18943464756011963,12290,0,3927,-0.5245547294616699,13434,1,1,0.12630781531333923
524,4,13440,1,1,0.05270776152610779,16576,0,122,-0.15062201023101807,7557,0,2143,-0.7447569370269775,17471,0,487,-0.20275020599365234
525,15,13452,1,1,0.5112318396568298,13446,1,1,0.30852699279785156,18778,0,394,-0.3546421527862549,13446,1,1,0.3268226385116577
526,21,13493,1,1,0.18796110153198242,12578,0,2,-0.036545634269714355,10922,0,29,-0.23042893409729004,6235,0,3,-0.036424845457077026
527,4,13502,1,1,0.21433919668197632,13502,1,1,0.09736496210098267,6312,0,5534,-0.5438323616981506,13500,1,1,0.14272987842559814
528,9,13505,1,1,0.45911282300949097,13505,1,1,0.20492064952850342,8904,0,24,-0.1666855812072754,13505,1,1,0.15503787994384766
529,5,13513,1,1,0.3589872121810913,13513,1,1,0.04560983180999756,10171,0,2418,-0.5147598385810852,17957,0,3,-0.010994374752044678
530,5,13517,1,1,0.25687047839164734,13517,1,1,0.13053220510482788,15854,0,159,-0.2443816065788269,13517,1,1,0.1670631766319275
531,4,13526,1,1,0.11043703556060791,13360,0,51,-0.22301018238067627,16565,0,6104,-0.30780673027038574,658,0,17,-0.11491581797599792
532,7,13543,1,1,0.19478267431259155,6414,0,108,-0.2068943977355957,27,0,7,-0.07280749082565308,13099,0,4,-0.05356335639953613
533,21,13580,1,1,0.0886719822883606,16013,0,62,-0.1617392897605896,7760,0,1545,-0.47667956352233887,18364,0,155,-0.22612601518630981
534,5,13617,1,1,0.11596821248531342,13617,1,1,0.07606187462806702,18178,0,3173,-0.43117013573646545,18386,0,36,-0.1929042935371399
535,11,13645,1,1,0.43229156732559204,13645,1,1,0.44904690980911255,1288,0,1469,-0.4135056436061859,13645,1,1,0.37087687849998474
536,6,13664,1,1,0.15351861715316772,13664,1,1,0.03024435043334961,11241,0,582,-0.2870502173900604,8559,0,40,-0.07984840869903564
537,5,13673,1,1,0.5771074295043945,13673,1,1,0.12326014041900635,4872,0,2561,-0.5366395711898804,13672,1,1,0.07001960277557373
538,2,13677,1,1,0.03323179483413696,18075,0,56,-0.1176561713218689,17449,0,9400,-0.4571726620197296,16319,0,3511,-0.2976498603820801
539,8,13696,1,1,0.07855716347694397,128,0,117,-0.16516920924186707,2072,0,1671,-0.38233664631843567,128,0,70,-0.11124211549758911
540,7,13718,1,1,0.27573198080062866,13718,1,1,0.06382083892822266,16811,0,6454,-0.6774576306343079,13718,1,1,0.054543137550354004
541,4,13748,1,1,0.21949580311775208,13748,1,1,0.181094229221344,1191,0,928,-0.3079144358634949,13748,1,1,0.10779750347137451
542,18,13796,1,1,0.08287882804870605,11925,0,36,-0.09344446659088135,15687,0,791,-0.5212639570236206,15928,0,228,-0.19342797994613647
543,5,13840,1,1,0.22578611969947815,11869,0,8,-0.04918187856674194,5945,0,1762,-0.3549326956272125,13840,1,1,0.009276360273361206
544,10,13856,1,1,0.6066514849662781,13856,1,1,0.3037339746952057,15571,0,228,-0.24267268180847168,13856,1,1,0.14551788568496704
545,3,13862,0,2,-0.022720783948898315,13862,0,9,-0.12020349502563477,7978,0,13484,-0.5827018618583679,17422,0,256,-0.21774321794509888
546,3,13871,1,1,0.14986826479434967,9589,0,592,-0.24809789657592773,1258,0,8929,-0.49478763341903687,5490,0,1520,-0.22703175246715546
547,7,13900,1,1,0.23938414454460144,13901,1,1,0.11683470010757446,5953,0,8386,-0.35134193301200867,13901,1,1,0.18650180101394653
548,6,13931,1,1,0.1311204731464386,18706,0,28,-0.08476114273071289,13228,0,2540,-0.454051673412323,14692,0,1459,-0.26553642749786377
549,19,13952,1,1,0.2594830393791199,13880,0,5,-0.12598645687103271,3293,0,469,-0.3602635860443115,13882,0,11,-0.04885047674179077
550,5,13976,1,1,0.36802205443382263,13976,1,1,0.2298792004585266,12366,0,3794,-0.596167802810669,13976,1,1,0.23887228965759277
551,4,13984,1,1,0.2889218032360077,13982,1,1,0.008937805891036987,16569,0,2562,-0.35788413882255554,11870,0,336,-0.13051702082157135
552,4,13997,1,1,0.35039758682250977,12026,0,4,-0.06703972816467285,13446,0,2066,-0.5387005805969238,12026,0,3,-0.01929706335067749
553,5,14006,1,1,0.20286725461483002,14006,1,1,0.15871846675872803,11094,0,152,-0.41154640913009644,14006,1,1,0.09911757707595825
554,7,14019,1,1,0.21631848812103271,14016,1,1,0.08488136529922485,9777,0,4856,-0.5968451499938965,14019,1,1,0.12943291664123535
555,22,14053,1,1,0.42653489112854004,14052,1,1,0.1666884422302246,15485,0,553,-0.2852482497692108,14053,1,1,0.1422131061553955
556,5,14069,1,1,0.2642368972301483,14069,1,1,0.07104372978210449,15017,0,6322,-0.6342751383781433,14069,1,1,0.0019858479499816895
557,20,14092,1,1,0.21198445558547974,14125,1,1,0.005166053771972656,2257,0,75,-0.1305338740348816,14125,1,1,0.06454908847808838
558,12,14147,1,1,0.12682098150253296,14136,1,1,0.12111949920654297,12174,0,5888,-0.5010987520217896,14136,1,1,0.16986960172653198
559,3,14164,1,1,0.16494321823120117,18798,0,2,-0.02747434377670288,15201,0,1568,-0.3299928903579712,14164,1,1,0.052704572677612305
560,4,14176,1,1,0.3230903148651123,9184,0,26,-0.15389931201934814,9285,0,285,-0.27427878975868225,15725,0,5,-0.05111241340637207
561,23,14237,0,15,-0.22041729092597961,14235,0,8,-0.11733517050743103,18490,0,41,-0.24642682075500488,14862,0,60,-0.11706423759460449
562,18,14281,0,11,-0.19971448183059692,14276,0,36,-0.17921346426010132,14148,0,1217,-0.7236478924751282,14279,0,17,-0.23499184846878052
563,9,14331,1,1,0.2635873258113861,18029,0,2,-0.07971572875976562,15533,0,593,-0.31390219926834106,18029,0,3,-0.08224821090698242
564,5,14361,1,1,0.38350629806518555,14361,1,1,0.2808387875556946,694,0,8780,-0.6864768266677856,14361,1,1,0.3362394869327545
565,2,14373,1,1,0.09085641801357269,14373,1,1,0.0327153205871582,16834,0,4,-0.011298120021820068,13621,0,7,-0.061416029930114746
566,2,14387,1,1,0.3714655637741089,14387,1,1,0.3474341332912445,17453,0,6884,-0.495484858751297,14387,1,1,0.27920618653297424
567,12,14399,1,1,0.24202165007591248,14399,1,1,0.23001950979232788,3101,0,1881,-0.5416275262832642,14399,1,1,0.1831820011138916
568,7,14416,1,1,0.49388277530670166,14417,1,1,0.08815622329711914,12167,0,273,-0.41515517234802246,14417,1,1,0.06684008240699768
569,7,14422,1,1,0.2447936236858368,14424,1,1,0.06568330526351929,7808,0,1478,-0.33119624853134155,10743,0,4,-0.02159881591796875
570,18,14448,1,1,0.2395247370004654,9553,0,80,-0.13983136415481567,2751,0,36,-0.11585122346878052,4300,0,336,-0.24571555852890015
571,9,14886,0,3,-0.16015225648880005,11136,0,224,-0.19243702292442322,6496,0,1195,-0.3117614686489105,9974,0,1105,-0.2501525580883026
572,8,14478,1,1,0.2743273377418518,14478,1,1,0.06683886051177979,5717,0,6237,-0.3993341028690338,14473,0,2,-0.029310524463653564
573,6,14490,1,1,0.3134387731552124,14493,1,1,0.04669451713562012,9998,0,1372,-0.35825276374816895,14493,1,1,0.07409384846687317
574,40,14622,1,1,0.0709652304649353,4559,0,6,-0.08016186952590942,5752,0,30,-0.09442916512489319,4591,0,73,-0.1557406485080719
575,4,14654,1,1,0.14468039572238922,14126,0,19,-0.08473697304725647,17210,0,4349,-0.2513001263141632,14484,0,7,-0.05636173486709595
576,2,14659,1,1,0.039999037981033325,14659,1,1,0.14928942918777466,11088,0,10102,-0.7445759773254395,14659,1,1,0.12936437129974365
577,14,14672,1,1,0.19274720549583435,14552,0,4,-0.031817495822906494,4101,0,2713,-0.4858854413032532,14554,0,5,-0.07140186429023743
578,6,14703,1,1,0.3319675326347351,14951,0,7,-0.2910304665565491,8899,0,3153,-0.4255503714084625,14708,0,79,-0.1284422129392624
579,6,14736,1,1,0.2919048070907593,14736,1,1,0.15630191564559937,349,0,121,-0.2595897614955902,14736,1,1,0.08371144533157349
580,25,14784,0,7,-0.02353973686695099,16249,0,74,-0.14401090145111084,13566,0,416,-0.2726680636405945,18848,0,707,-0.1964329481124878
581,10,14557,0,68,-0.04820781946182251,16414,0,72,-0.1112295389175415,9748,0,537,-0.31469663977622986,7761,0,948,-0.27903905510902405
582,7,14912,1,1,0.49816083908081055,14910,1,1,0.02128124237060547,12484,0,2800,-0.2881876230239868,14910,1,1,0.16961994767189026
583,2,14920,1,1,0.05478852987289429,16758,0,5,-0.010185003280639648,16042,0,12574,-0.5659464001655579,14920,1,1,0.021788597106933594
584,3,14928,1,1,0.3171703517436981,14928,1,1,0.2553969621658325,4803,0,1876,-0.42895475029945374,14928,1,1,0.17874419689178467
585,1,14936,1,1,0.059917151927948,1438,0,14,-0.0669248104095459,9707,0,18504,-0.7152993679046631,11908,0,15,-0.138261079788208
586,7,14949,1,1,0.4011289179325104,14949,1,1,0.29501956701278687,9770,0,1910,-0.3608303666114807,14949,1,1,0.4042375087738037
587,33,14979,1,1,0.41044488549232483,10208,0,11,-0.07408246397972107,12476,0,176,-0.4323892295360565,2592,0,64,-0.12446427345275879
588,2,15000,1,1,0.2710549831390381,15000,1,1,0.11397475004196167,603,0,5017,-0.4808298945426941,15000,1,1,0.0798075795173645
589,12,15009,1,1,0.1803368330001831,3884,0,2,-0.06309124827384949,10399,0,1707,-0.5157257914543152,3884,0,3,-0.10832417011260986
590,19,17260,0,35,-0.06888753175735474,18568,0,2030,-0.3883224129676819,12390,0,689,-0.30192044377326965,3299,0,2150,-0.33867835998535156
591,2,15048,1,1,0.20632609724998474,15049,1,1,0.03629767894744873,3709,0,5609,-0.5006923675537109,17236,0,8,-0.1467212736606598
592,3,15062,1,1,0.04031375050544739,15060,0,5,-0.07367333769798279,8340,0,3676,-0.5249521732330322,15062,1,1,0.01275545358657837
593,5,15070,1,1,0.1161591112613678,15070,1,1,0.05179765820503235,18390,0,3935,-0.3871033787727356,15077,1,1,0.1740139126777649
594,23,14098,0,8,-0.029624193906784058,14075,0,1821,-0.3574863374233246,17360,0,700,-0.5501984357833862,14075,0,1119,-0.388628214597702
595,20,15118,1,1,0.12685467302799225,14657,0,2,-0.010464578866958618,10687,0,191,-0.19609129428863525,15119,1,1,0.006136864423751831
596,3,15139,1,1,0.0908723920583725,15425,0,9,-0.09321796894073486,9181,0,1616,-0.4656601846218109,3649,0,4,-0.08572173118591309
597,40,15173,1,1,0.2586234509944916,15233,1,1,0.05281299352645874,6536,0,839,-0.36477553844451904,16551,0,4,-0.07235220074653625
598,5,15269,1,1,0.19640715420246124,11296,0,12,-0.07907003164291382,9502,0,2897,-0.6358887553215027,11972,0,231,-0.20066183805465698
599,5,15275,1,1,0.3536725342273712,15275,1,1,0.2107752561569214,9697,0,2116,-0.40555715560913086,15275,1,1,0.24354642629623413
600,7,15288,1,1,0.21060386300086975,10808,0,17,-0.054756999015808105,2130,0,3818,-0.7185385823249817,4910,0,44,-0.14699551463127136
601,26,15404,1,1,0.17258217930793762,15404,1,1,0.0158461332321167,15612,0,1052,-0.4000105559825897,13886,0,200,-0.20192915201187134
602,4,15417,1,1,0.017951421439647675,5101,0,4470,-0.35627734661102295,14113,0,1384,-0.5518293976783752,152,0,9128,-0.3753616213798523
603,5,15445,1,1,0.21375204622745514,15444,1,1,0.0029973387718200684,8245,0,800,-0.38043880462646484,12148,0,43,-0.1355934739112854
604,6,15460,1,1,0.11906160414218903,1264,0,10,-0.08707064390182495,9019,0,3751,-0.515234112739563,1265,0,5,-0.03632497787475586
605,38,15485,1,1,0.20017768442630768,9624,0,478,-0.2640606462955475,8054,0,259,-0.3449704647064209,7537,0,91,-0.12422633171081543
606,9,15554,1,1,0.2907424569129944,15554,1,1,0.09331560134887695,4938,0,2397,-0.5665157437324524,15554,1,1,0.10106015205383301
607,6,15614,1,1,0.13472193479537964,12338,0,90,-0.19395987689495087,11894,0,3372,-0.5122414827346802,1154,0,49,-0.13251256942749023
608,23,15648,1,1,0.422968327999115,12117,0,2,-0.007677018642425537,9053,0,783,-0.34573090076446533,15647,1,1,0.02043294906616211
609,5,15667,1,1,0.12083166837692261,15518,0,80,-0.1319585144519806,952,0,3564,-0.4505251348018646,13073,0,80,-0.11614388227462769
610,7,15686,1,1,0.11431622505187988,14341,0,779,-0.3334190845489502,13316,0,4109,-0.6204419732093811,14341,0,1330,-0.347494512796402
611,13,15694,1,1,0.21341173350811005,10519,0,3332,-0.33368319272994995,7030,0,1818,-0.37836673855781555,17806,0,204,-0.13326793909072876
612,28,15707,1,1,0.21847084164619446,15707,1,1,0.051597416400909424,1530,0,733,-0.42873701453208923,15707,1,1,0.020733505487442017
613,9,15780,1,1,0.10833817720413208,15780,1,1,0.03528505563735962,5981,0,108,-0.2248772382736206,15775,0,23,-0.156764954328537
614,13,15819,1,1,0.16385021805763245,15393,0,7,-0.04321327805519104,7146,0,423,-0.30653244256973267,15813,1,1,0.020276427268981934
615,7,15831,1,1,0.24057215452194214,15831,1,1,0.16343659162521362,6207,0,1331,-0.3576728105545044,2591,0,5,-0.082116037607193
616,22,15851,1,1,0.17020604014396667,15852,1,1,0.06751391291618347,10011,0,419,-0.34015539288520813,3429,0,5,-0.05155941843986511
617,8,15875,1,1,0.34652477502822876,15875,1,1,0.11687242984771729,10736,0,1520,-0.41675499081611633,1692,0,3,-0.050365716218948364
618,4,15883,1,1,0.10936462879180908,15883,1,1,0.05235457420349121,1146,0,7689,-0.5799863338470459,9103,0,469,-0.1933996081352234
619,5,15899,1,1,0.17402440309524536,15898,1,1,0.15115955471992493,9146,0,1648,-0.39864346385002136,15898,1,1,0.16580989956855774
620,7,15907,1,1,0.11680325865745544,18414,0,67,-0.15152055025100708,3412,0,911,-0.31855762004852295,17123,0,735,-0.23037227988243103
621,4,15918,1,1,0.4852759540081024,15918,1,1,0.24111580848693848,17305,0,766,-0.2501111626625061,15918,1,1,0.12793225049972534
622,6,15924,1,1,0.08361867070198059,13760,0,469,-0.25669920444488525,18514,0,552,-0.23712673783302307,4563,0,17,-0.09392625093460083
623,88,16032,1,1,0.4161035418510437,16011,1,1,0.08149933815002441,7534,0,610,-0.27467411756515503,16010,1,1,0.053044915199279785
624,16,16046,1,1,0.3086835741996765,16059,1,1,0.09909069538116455,13297,0,4334,-0.4251179099082947,16059,1,1,0.049134284257888794
625,10,17154,0,5,-0.0218447744846344,152,0,324,-0.3094085454940796,14093,0,1043,-0.3003603518009186,16675,0,8,-0.10736876726150513
626,12,16098,1,1,0.11285555362701416,16099,1,1,0.0832916796207428,11313,0,992,-0.23078885674476624,5101,0,10,-0.06362676620483398
627,3,16115,1,1,0.13723018765449524,16114,1,1,0.13084614276885986,4168,0,5711,-0.48187196254730225,16114,1,1,0.10155153274536133
628,7,16121,1,1,0.09658122062683105,16122,1,1,0.02397751808166504,16625,0,11165,-0.6543103456497192,15398,0,19,-0.08532963693141937
629,6,16133,1,1,0.15159869194030762,16129,1,1,0.11021608114242554,2005,0,2480,-0.3479662537574768,16130,1,1,0.1369437575340271
630,5,16143,1,1,0.09745313227176666,18003,0,316,-0.27036717534065247,5418,0,995,-0.41071778535842896,18003,0,25,-0.10682740807533264
631,38,16171,1,1,0.08896011114120483,16174,1,1,0.054825663566589355,15220,0,621,-0.2770601212978363,16174,1,1,0.044472694396972656
632,6,16252,1,1,0.05734565854072571,14906,0,38,-0.14366912841796875,12049,0,2671,-0.5250532627105713,14004,0,112,-0.19676917791366577
633,10,16281,1,1,0.4264989495277405,3247,0,3,-0.03995034098625183,5329,0,1202,-0.38144606351852417,3247,0,2,-0.0011255741119384766
634,5,16292,1,1,0.3825875520706177,16293,1,1,0.04818272590637207,12525,0,3679,-0.4775354266166687,16292,1,1,0.12398341298103333
635,14,16300,1,1,0.07870018482208252,11923,0,464,-0.25877368450164795,7158,0,115,-0.19614949822425842,6309,0,4116,-0.34451529383659363
636,18,16347,1,1,0.023336023092269897,11774,0,50,-0.14184629917144775,3804,0,3011,-0.40244436264038086,11774,0,29,-0.15007612109184265
637,5,16388,1,1,0.109376460313797,11997,0,501,-0.19584083557128906,13495,0,838,-0.348174512386322,10945,0,538,-0.20424523949623108
638,12,16400,1,1,0.17175644636154175,16402,1,1,0.10905802249908447,2042,0,1102,-0.35204213857650757,16401,1,1,0.2701912224292755
639,11,16421,1,1,0.08906209468841553,16422,1,1,4.494190216064453e-05,8197,0,1086,-0.38547903299331665,16422,1,1,0.11717051267623901
640,3,16448,0,3,-0.09286949038505554,16218,0,56,-0.13877692818641663,14956,0,12068,-0.7023806571960449,17754,0,113,-0.14279693365097046
641,38,16511,1,1,0.22418755292892456,16464,1,1,0.018518507480621338,5054,0,909,-0.21376773715019226,16455,1,1,0.04337668418884277
642,3,16521,1,1,0.23435404896736145,16526,0,4,-0.044939398765563965,18186,0,1470,-0.35286420583724976,16521,1,1,0.0766785740852356
643,5,16534,1,1,0.17426282167434692,15699,0,6,-0.05605626106262207,12033,0,464,-0.22267261147499084,15695,0,7,-0.10331422090530396
644,6,16548,1,1,0.23600080609321594,15200,0,5,-0.06988540291786194,18768,0,4761,-0.7162626385688782,16550,1,1,0.009489774703979492
645,7,16858,0,2566,-0.3835914731025696,16860,0,2043,-0.57635498046875,14648,0,2401,-0.4512730836868286,16868,0,4479,-0.4145890474319458
646,9,16573,1,1,0.19292661547660828,16572,1,1,0.037066519260406494,9778,0,52,-0.115811288356781,16572,1,1,0.13209569454193115
647,20,16639,1,1,0.04444266855716705,15224,0,111,-0.11311618983745575,9366,0,568,-0.2269064486026764,15577,0,119,-0.1485874354839325
648,6,16865,0,368,-0.20822985470294952,16871,0,909,-0.6724322438240051,14323,0,920,-0.2671705484390259,16871,0,604,-0.5210437178611755
649,8,16659,1,1,0.606374204158783,16659,1,1,0.4058624505996704,5030,0,3279,-0.7343086004257202,16659,1,1,0.4361504912376404
650,5,16671,1,1,0.2659679055213928,3689,0,5,-0.028479456901550293,15329,0,6790,-0.5644118189811707,3688,0,2,-0.04112634062767029
651,29,16694,1,1,0.23023562133312225,16698,1,1,0.021112918853759766,2662,0,273,-0.3488684892654419,16701,1,1,0.0042934417724609375
652,14,16707,1,1,0.14204141497612,16706,1,1,0.14603519439697266,14344,0,144,-0.2229498028755188,11082,0,2,-0.04690396785736084
653,19,16541,0,22,-0.10237432271242142,10218,0,1355,-0.3288642168045044,10873,0,2463,-0.4330464005470276,7006,0,3896,-0.35783258080482483
654,6,16753,1,1,0.18395444750785828,15174,0,4,-0.016858279705047607,6264,0,3346,-0.496238648891449,16753,1,1,0.017426908016204834
655,31,16759,1,1,0.018343955278396606,16755,0,3,-0.060166120529174805,11485,0,689,-0.2708415985107422,16762,0,17,-0.0940152108669281
656,5,16915,1,1,0.03774070739746094,16920,0,2,-0.029294729232788086,4140,0,1295,-0.2920262813568115,16919,0,2,-0.006736040115356445
657,7,16934,1,1,0.30913689732551575,16934,1,1,0.31288406252861023,15244,0,7251,-0.43667179346084595,16934,1,1,0.29440009593963623
658,2,16948,1,1,0.29452526569366455,16947,1,1,0.012904912233352661,6555,0,3381,-0.3603026866912842,16948,1,1,0.09934210777282715
659,5,16960,1,1,0.2472747266292572,16958,1,1,0.05963844060897827,15718,0,691,-0.5395914912223816,16958,1,1,0.08759662508964539
660,5,16969,0,2,-0.011957645416259766,17075,0,268,-0.2310754656791687,1436,0,2803,-0.3790569305419922,16973,1,1,0.0250433087348938
661,5,16992,1,1,0.015944093465805054,16296,0,23,-0.13770011067390442,1730,0,2254,-0.4645850360393524,3767,0,1225,-0.2631446421146393
662,20,16996,1,1,0.020068049430847168,4255,0,31,-0.11578786373138428,3687,0,558,-0.26932844519615173,16969,0,169,-0.2807270884513855
663,12,17051,1,1,0.035356223583221436,16544,0,154,-0.28732848167419434,18743,0,3267,-0.40309637784957886,15526,0,54,-0.23413792252540588
664,5,17077,1,1,0.26427045464515686,17074,1,1,0.018647849559783936,17497,0,2359,-0.32522356510162354,17074,1,1,0.04782944917678833
665,5,17104,1,1,0.026694610714912415,3843,0,466,-0.24129772186279297,8439,0,1126,-0.4873357117176056,18833,0,116,-0.20399263501167297
666,2,17142,1,1,0.012521252036094666,6282,0,15,-0.09009730815887451,12605,0,10056,-0.7269772291183472,8640,0,107,-0.23217475414276123
667,12,15682,0,2492,-0.13350126147270203,16023,0,10909,-0.5185446739196777,1340,0,1026,-0.3042190372943878,18029,0,3327,-0.36926284432411194
668,10,17179,1,1,0.042764127254486084,17183,0,2,-0.020306885242462158,15356,0,6115,-0.615304708480835,17178,0,2,-0.08131283521652222
669,3,17222,1,1,0.18823513388633728,4112,0,13,-0.11684077978134155,17616,0,8372,-0.5473597049713135,14020,0,110,-0.1598978340625763
670,8,17236,1,1,0.0020109713077545166,17233,0,3,-0.010323643684387207,11428,0,2804,-0.45425689220428467,17239,0,5,-0.13253211975097656
671,5,17255,1,1,0.024167686700820923,18274,0,5,-0.027399003505706787,5025,0,7999,-0.6652078032493591,6817,0,19,-0.10566258430480957
672,5,17261,1,1,0.33293622732162476,17756,0,253,-0.2255570888519287,11378,0,784,-0.380317747592926,16997,0,224,-0.2388327717781067
673,3,17266,1,1,0.09684610366821289,17266,1,1,0.06805539131164551,16502,0,5461,-0.5567283034324646,17265,1,1,0.059173583984375
674,5,17271,1,1,0.28491565585136414,17255,0,17,-0.15434786677360535,17089,0,3143,-0.6364395022392273,17255,0,39,-0.17325356602668762
675,8,17281,1,1,0.1783847212791443,18108,0,2,-0.056749939918518066,1933,0,8839,-0.5336143970489502,17281,1,1,0.017926573753356934
676,3,17310,1,1,0.17263981699943542,17309,1,1,0.030814945697784424,13293,0,3951,-0.3458743691444397,17309,1,1,0.059613972902297974
677,8,17325,1,1,0.14099586009979248,17324,0,2,-0.03710615634918213,1483,0,3623,-0.5167798399925232,17325,1,1,0.008949637413024902
678,9,17393,1,1,0.12194156646728516,17392,1,1,0.09333693981170654,6070,0,1032,-0.26060858368873596,17392,1,1,0.11179018020629883
679,14,17456,1,1,0.14462804794311523,3298,0,11,-0.09985840320587158,10189,0,1849,-0.28496527671813965,2716,0,58,-0.16761809587478638
680,8,17479,1,1,0.25183597207069397,17479,1,1,0.16744506359100342,11072,0,1477,-0.28353601694107056,17479,1,1,0.2197207808494568
681,14,17500,1,1,0.1574084460735321,17500,1,1,0.05275636911392212,1664,0,48,-0.19177913665771484,16373,0,2,-0.008581101894378662
682,4,17510,1,1,0.2266857922077179,17512,0,2,-0.030251383781433105,8511,0,616,-0.3903651833534241,17509,1,1,0.0026190876960754395
683,6,17560,1,1,0.22001692652702332,17536,0,66,-0.13069695234298706,11340,0,5110,-0.4354945421218872,16168,0,6,-0.06548863649368286
684,6,17599,1,1,0.004809141159057617,17598,0,2,-0.07389432191848755,14829,0,3886,-0.40480542182922363,17598,0,2,-0.045730769634246826
685,4,17662,1,1,0.04593592882156372,17661,0,2,-0.01898050308227539,4406,0,462,-0.2893858253955841,17399,0,5,-0.05946308374404907
686,8,17679,1,1,0.1777958869934082,18170,0,18,-0.06666558980941772,9826,0,1546,-0.46954086422920227,17680,1,1,0.20524078607559204
687,7,17694,1,1,0.32160890102386475,17694,1,1,0.18921703100204468,11230,0,7652,-0.46583783626556396,17694,1,1,0.315591037273407
688,5,17702,1,1,0.26155269145965576,7485,0,3,-0.05376511812210083,16548,0,3550,-0.6795490384101868,17508,0,14,-0.10011708736419678
689,5,17711,1,1,0.24621766805648804,17711,1,1,0.10560745000839233,6292,0,3478,-0.7121655344963074,17711,1,1,0.04916858673095703
690,2,17717,0,3,-0.03669169545173645,13524,0,201,-0.2854846715927124,8320,0,8684,-0.41219136118888855,17974,0,3100,-0.5033122897148132
691,7,17727,1,1,0.078945592045784,790,0,62,-0.16242563724517822,11227,0,373,-0.23530274629592896,12741,0,19,-0.11062222719192505
692,5,17755,1,1,0.10848528146743774,17755,1,1,0.11442434787750244,447,0,4672,-0.5614381432533264,17755,1,1,0.08944892883300781
693,2,17761,0,2,-0.019773811101913452,12920,0,7,-0.033706843852996826,5311,0,2107,-0.24277976155281067,12606,0,99,-0.18439126014709473
694,3,17784,0,10,-0.18603730201721191,18108,0,126,-0.22871267795562744,3842,0,1198,-0.3473081588745117,777,0,371,-0.2638866901397705
695,6,17795,1,1,0.038650333881378174,12983,0,989,-0.3256790339946747,10575,0,619,-0.21371901035308838,13011,0,345,-0.24357745051383972
696,6,17802,1,1,0.3453870117664337,18619,0,2,-0.012650370597839355,13104,0,1643,-0.5910918712615967,12368,0,2,-0.05584549903869629
697,2,17808,1,1,0.27856510877609253,13354,0,23,-0.0625835657119751,9469,0,17313,-0.6238418221473694,18351,0,114,-0.18285664916038513
698,10,17817,1,1,0.3097413182258606,17817,1,1,0.07752534747123718,1111,0,1064,-0.458587110042572,17817,1,1,0.20326381921768188
699,20,17897,1,1,0.18417945504188538,18422,0,2,-0.05658918619155884,7132,0,71,-0.12406837940216064,18338,0,13,-0.08495405316352844
700,2,17969,1,1,0.002943277359008789,13747,0,196,-0.3965308666229248,4028,0,5007,-0.5467075109481812,13747,0,110,-0.24941757321357727
701,4,17998,1,1,0.2358739674091339,17998,1,1,0.06769365072250366,2255,0,5662,-0.5728273391723633,18049,0,3,-0.015523254871368408
702,4,18035,1,1,0.27243897318840027,18035,1,1,0.04142343997955322,11027,0,4152,-0.6281182765960693,18035,1,1,0.057619333267211914
703,2,18056,1,1,0.4023250937461853,18056,1,1,0.0970340371131897,325,0,2902,-0.38148608803749084,18056,1,1,0.12396427989006042
704,4,18063,1,1,0.3190551996231079,18452,0,43,-0.19007158279418945,16141,0,2643,-0.38789331912994385,12842,0,4,-0.07266649603843689
705,4,18071,1,1,0.1597515046596527,15674,0,81,-0.14339476823806763,16017,0,1221,-0.5316426753997803,15412,0,252,-0.2467983365058899
706,3,18088,1,1,0.08761616051197052,17845,0,3,-0.009320259094238281,11171,0,6833,-0.450755774974823,17789,0,323,-0.22216564416885376
707,4,18100,1,1,0.2370201051235199,3406,0,8,-0.0425376296043396,317,0,260,-0.394966721534729,18099,0,27,-0.1525324583053589
708,24,18106,1,1,0.06835120916366577,17277,0,3,-0.04026913642883301,8251,0,159,-0.1424451470375061,18109,0,3,-0.01669520139694214
709,5,18175,1,1,0.2799123525619507,18175,1,1,0.011700809001922607,17952,0,1327,-0.2775347828865051,4736,0,3,-0.0076787471771240234
710,2,18190,1,1,0.1474507749080658,18190,1,1,0.1755131483078003,15055,0,519,-0.3475677967071533,18190,1,1,0.07686850428581238
711,3,18210,1,1,0.2948318421840668,13921,0,5,-0.05576932430267334,17588,0,7211,-0.5039385557174683,13919,0,9,-0.06480869650840759
712,3,18234,1,1,0.23676590621471405,18234,1,1,0.08495014905929565,14367,0,1547,-0.3420582115650177,18234,1,1,0.18333834409713745
713,5,18259,1,1,0.20547887682914734,18247,1,1,0.07275229692459106,7986,0,454,-0.365531861782074,18247,1,1,0.017122983932495117
714,11,18274,1,1,0.1326870620250702,18274,1,1,0.1871827244758606,13210,0,162,-0.38214272260665894,18274,1,1,0.1418170928955078
715,7,18293,1,1,0.2589300274848938,18090,0,2,-0.017254233360290527,2641,0,2256,-0.4213583767414093,18293,1,1,0.020181238651275635
716,6,18328,1,1,0.3387147784233093,18328,1,1,0.1518092155456543,9430,0,1828,-0.34024712443351746,18328,1,1,0.07131856679916382
717,3,18360,1,1,0.23728594183921814,18352,0,3,-0.037297606468200684,13536,0,7662,-0.4618891477584839,15412,0,5,-0.05415993928909302
718,4,18376,1,1,0.3018055558204651,18377,1,1,0.06400012969970703,15394,0,9601,-0.8886558413505554,18378,1,1,0.1037549376487732
719,5,18386,1,1,0.20262089371681213,18386,1,1,0.04388427734375,2937,0,4605,-0.4930606484413147,18386,1,1,0.11674857139587402
720,2,18391,1,1,0.2292855679988861,18191,0,8,-0.09560206532478333,8255,0,6419,-0.5636639595031738,18191,0,3,-0.08953970670700073
721,6,18417,1,1,0.2493104636669159,18417,1,1,0.1489744782447815,16678,0,3220,-0.39363473653793335,18417,1,1,0.08745801448822021
722,10,18437,1,1,0.18781042098999023,18437,1,1,0.06098651885986328,2427,0,124,-0.12795531749725342,18437,1,1,0.06546443700790405
723,5,18461,1,1,0.2183566689491272,18461,1,1,0.060535967350006104,11929,0,2962,-0.3934643268585205,18461,1,1,0.03114229440689087
724,3,18473,1,1,0.3884264826774597,18473,1,1,0.14090728759765625,5233,0,6067,-0.5321709513664246,12809,0,2,-0.05222177505493164
725,9,18526,1,1,0.26069989800453186,18526,1,1,0.12301760911941528,9092,0,514,-0.5180094838142395,18526,1,1,0.16368907690048218
726,4,18569,0,2,-0.016817539930343628,17457,0,27,-0.1283334493637085,3931,0,4607,-0.5023657083511353,17463,0,226,-0.2748442590236664
727,6,18596,1,1,0.06304061412811279,18596,1,1,0.1608453392982483,10331,0,212,-0.29436221718788147,18595,1,1,0.08594268560409546
728,3,18603,1,1,0.2465146780014038,18021,0,84,-0.17809799313545227,6712,0,1139,-0.3218875527381897,18669,0,52,-0.156000018119812
729,6,18629,1,1,0.06088322401046753,17998,0,601,-0.2861342430114746,6476,0,4926,-0.4980367422103882,18171,0,32,-0.11785644292831421
730,6,18661,1,1,0.2358267605304718,18661,1,1,0.06423521041870117,13693,0,1285,-0.4056939482688904,18364,0,4,-0.08262097835540771
731,19,18702,1,1,0.05819304287433624,18102,0,326,-0.23401975631713867,1694,0,2071,-0.32799196243286133,18099,0,928,-0.3229110836982727
732,14,18725,1,1,0.1157446801662445,18734,1,1,0.11160391569137573,11602,0,868,-0.3400111198425293,18756,1,1,0.14331293106079102
733,7,18767,1,1,0.23491261899471283,679,0,2,-0.12149620056152344,14326,0,64,-0.18914759159088135,18767,1,1,0.07955968379974365
734,6,18783,1,1,0.20238491892814636,18783,1,1,0.116066575050354,14761,0,790,-0.4929683208465576,15463,0,2,-0.005702495574951172
735,3,18801,1,1,0.18524274230003357,12856,0,20,-0.16649848222732544,5056,0,1478,-0.5189841389656067,12856,0,16,-0.08808007836341858
736,23,18821,1,1,0.19898176193237305,18820,1,1,0.0584147572517395,385,0,520,-0.39729470014572144,18822,1,1,0.09204256534576416
737,5,18836,1,1,0.17946860194206238,18837,1,1,0.041183650493621826,9353,0,1356,-0.3887828588485718,17488,0,27,-0.09264308214187622
738,2,18846,1,1,0.30793702602386475,13886,0,71,-0.1300707459449768,424,0,1420,-0.4480692148208618,18091,0,5,-0.02976095676422119
739,3,18861,1,1,0.2549290359020233,18861,1,1,0.009120404720306396,11820,0,519,-0.24042749404907227,18861,1,1,0.04765039682388306
