mask,transform,composition,threshold,top_fraction,semantic_disabled,sample_count,aligned_coverage,shuffled_coverage,aligned_zero_active_image,shuffled_zero_active_image,aligned_effective_confidence_mean,shuffled_effective_confidence_mean,aligned_delta_abs_mean,shuffled_delta_abs_mean,aligned_pre_target_std,shuffled_pre_target_std,aligned_target_std,shuffled_target_std,aligned_target_change_from_ru,shuffled_target_change_from_ru,aligned_target_correlation_with_ru,shuffled_target_correlation_with_ru,aligned_saturation_fraction,shuffled_saturation_fraction,pre_transform_pair_difference,target_pair_difference,target_pair_correlation,target_pair_sign_disagreement,pair_difference_amplification,aligned_coverage_min,aligned_coverage_max,shuffled_coverage_min,shuffled_coverage_max,aligned_delta_retained_ratio,shuffled_delta_retained_ratio
semantic_off,per_image_zscore,production_roundtrip,,,True,160,0.0,0.0,1.0,1.0,0.0,0.0,0.0,0.0,0.41042375564575195,0.41042375564575195,0.7852860689163208,0.7852860689163208,0.10061963647603989,0.10061963647603989,0.9722166061401367,0.9722166061401367,0.3489375114440918,0.3489375114440918,0.0,0.0,1.0,0.0,0.0,0.0,0.0,0.0,0.0,0.0,0.0
dense,per_image_zscore,production_roundtrip,,,False,160,1.0,1.0,0.0,0.0,0.4357421398162842,0.4357420802116394,0.0836159884929657,0.0973600372672081,0.3716135621070862,0.35566604137420654,0.7912911772727966,0.7940549850463867,0.152652308344841,0.16837292909622192,0.9419234991073608,0.9299898147583008,0.3630312383174896,0.3645624816417694,0.047269321978092194,0.08600591868162155,0.9786807298660278,0.046796876937150955,1.9353086948394775,1.0,1.0,1.0,1.0,1.0,1.0
confidence_ge_0.5,per_image_zscore,production_roundtrip,0.5,,False,160,0.29693877696990967,0.29693877696990967,0.0,0.0,0.1794123351573944,0.1794123351573944,0.03348054736852646,0.03832286596298218,0.39613690972328186,0.39153727889060974,0.7877075672149658,0.7881131768226624,0.12138472497463226,0.12779369950294495,0.960495114326477,0.9560822248458862,0.353578120470047,0.3525781035423279,0.03574812784790993,0.06125201657414436,0.9864686131477356,0.03356250002980232,1.805193305015564,0.11224489659070969,0.5408163070678711,0.11224489659070969,0.5408163070678711,0.4004084382898021,0.3936200831333261
confidence_ge_0.6,per_image_zscore,production_roundtrip,0.6,,False,160,0.12643495202064514,0.12643493711948395,0.0,0.0,0.08654385060071945,0.08654385060071945,0.01666915789246559,0.018473995849490166,0.4030894637107849,0.4026980400085449,0.7864588499069214,0.786384642124176,0.1105596199631691,0.1134101003408432,0.966605544090271,0.9646788835525513,0.3508906364440918,0.3503125011920929,0.02203122340142727,0.03922209143638611,0.992368221282959,0.021828124299645424,1.8820831775665283,0.030612245202064514,0.2602040767669678,0.030612245202064514,0.2602040767669678,0.19935371443785427,0.18974926846820758
confidence_ge_0.7,per_image_zscore,production_roundtrip,0.7,,False,160,0.04381377622485161,0.04381377622485161,0.01875000074505806,0.01875000074505806,0.03344539552927017,0.03344539552927017,0.006460013333708048,0.007333518471568823,0.40807804465293884,0.4075470566749573,0.785338819026947,0.7854840159416199,0.10436026006937027,0.10522317886352539,0.9700954556465149,0.969637393951416,0.3494218587875366,0.34889063239097595,0.00971793569624424,0.018936162814497948,0.9970607757568359,0.009609375149011612,2.138251781463623,0.0,0.12244898080825806,0.0,0.12244898080825806,0.07725811115958409,0.07532370238768211
top_20pct_per_image,per_image_zscore,production_roundtrip,,0.2,False,160,0.20408162474632263,0.20408162474632263,0.0,0.0,0.12939545512199402,0.12939545512199402,0.02480357326567173,0.0275593101978302,0.39983394742012024,0.39738401770591736,0.7865557074546814,0.7871189713478088,0.1157950609922409,0.11958657205104828,0.9638005495071411,0.961349368095398,0.35224997997283936,0.35117191076278687,0.029475251212716103,0.050610266625881195,0.9895966649055481,0.028171872720122337,1.8169634342193604,0.20408163964748383,0.20408163964748383,0.20408163964748383,0.20408163964748383,0.2966367283663502,0.283065937230413
semantic_off,shared_base,production_roundtrip,,,True,160,0.0,0.0,1.0,1.0,0.0,0.0,0.0,0.0,0.41042375564575195,0.41042375564575195,0.7434267401695251,0.7434267401695251,0.09836594015359879,0.09836594015359879,0.9737381935119629,0.9737381935119629,0.2758124768733978,0.2758124768733978,0.0,0.0,1.0,0.0,0.0,0.0,0.0,0.0,0.0,0.0,0.0
dense,shared_base,production_roundtrip,,,False,160,1.0,1.0,0.0,0.0,0.4357421398162842,0.4357420802116394,0.0836159884929657,0.0973600372672081,0.3716135621070862,0.35566604137420654,0.7256938815116882,0.7178264856338501,0.15084004402160645,0.1671788990497589,0.945690929889679,0.9345470666885376,0.2427343875169754,0.2256718873977661,0.047269321978092194,0.08072607219219208,0.9810603260993958,0.04742187634110451,1.7886455059051514,1.0,1.0,1.0,1.0,1.0,1.0
confidence_ge_0.5,shared_base,production_roundtrip,0.5,,False,160,0.29693877696990967,0.29693877696990967,0.0,0.0,0.1794123351573944,0.1794123351573944,0.03348054736852646,0.03832286596298218,0.39613690972328186,0.39153727889060974,0.7375399470329285,0.7354511618614197,0.11902444064617157,0.12533633410930634,0.962820827960968,0.9586095809936523,0.26407814025878906,0.25837498903274536,0.03574812784790993,0.05707620456814766,0.9877630472183228,0.03276562690734863,1.6641814708709717,0.11224489659070969,0.5408163070678711,0.11224489659070969,0.5408163070678711,0.4004084382898021,0.3936200831333261
confidence_ge_0.6,shared_base,production_roundtrip,0.6,,False,160,0.12643495202064514,0.12643493711948395,0.0,0.0,0.08654385060071945,0.08654385060071945,0.01666915789246559,0.018473995849490166,0.4030894637107849,0.4026980400085449,0.7405997514724731,0.7401734590530396,0.10831081867218018,0.11096074432134628,0.9684917330741882,0.9666366577148438,0.26992183923721313,0.2684374749660492,0.02203122340142727,0.03485497087240219,0.9930728077888489,0.020609375089406967,1.6525224447250366,0.030612245202064514,0.2602040767669678,0.030612245202064514,0.2602040767669678,0.19935371443785427,0.18974926846820758
confidence_ge_0.7,shared_base,production_roundtrip,0.7,,False,160,0.04381377622485161,0.04381377622485161,0.01875000074505806,0.01875000074505806,0.03344539552927017,0.03344539552927017,0.006460013333708048,0.007333518471568823,0.40807804465293884,0.4075470566749573,0.7423794269561768,0.7418066263198853,0.102216936647892,0.10301706939935684,0.971705436706543,0.9712462425231934,0.2739531397819519,0.27287501096725464,0.00971793569624424,0.015293571166694164,0.9972984194755554,0.008515625260770321,1.6836516857147217,0.0,0.12244898080825806,0.0,0.12244898080825806,0.07725811115958409,0.07532370238768211
top_20pct_per_image,shared_base,production_roundtrip,,0.2,False,160,0.20408162474632263,0.20408162474632263,0.0,0.0,0.12939545512199402,0.12939545512199402,0.02480357326567173,0.0275593101978302,0.39983394742012024,0.39738401770591736,0.7389165163040161,0.7377803325653076,0.11375908553600311,0.11707595735788345,0.9657396078109741,0.9635492563247681,0.26750001311302185,0.26353126764297485,0.029475251212716103,0.04665777087211609,0.9904471635818481,0.026515623554587364,1.657513976097107,0.20408163964748383,0.20408163964748383,0.20408163964748383,0.20408163964748383,0.2966367283663502,0.283065937230413
semantic_off,center_only,production_roundtrip,,,True,160,0.0,0.0,1.0,1.0,0.0,0.0,0.0,0.0,0.41042375564575195,0.41042375564575195,0.5505006313323975,0.5505006313323975,0.07989893108606339,0.07989893108606339,0.9797463417053223,0.9797463417053223,0.03984374925494194,0.03984374925494194,0.0,0.0,1.0,0.0,0.0,0.0,0.0,0.0,0.0,0.0,0.0
dense,center_only,production_roundtrip,,,False,160,1.0,1.0,0.0,0.0,0.4357421398162842,0.4357420802116394,0.0836159884929657,0.0973600372672081,0.3716135621070862,0.35566604137420654,0.525616466999054,0.5136586427688599,0.1226353645324707,0.13720838725566864,0.9574972987174988,0.9478162527084351,0.02435937523841858,0.01928124949336052,0.047269321978092194,0.0622345432639122,0.9841593503952026,0.046796876937150955,1.3550770282745361,1.0,1.0,1.0,1.0,1.0,1.0
confidence_ge_0.5,center_only,production_roundtrip,0.5,,False,160,0.29693877696990967,0.29693877696990967,0.0,0.0,0.1794123351573944,0.1794123351573944,0.03348054736852646,0.03832286596298218,0.39613690972328186,0.39153727889060974,0.5419814586639404,0.5385082364082336,0.0964357778429985,0.10197122395038605,0.9708884954452515,0.9674833416938782,0.03414062410593033,0.03232812136411667,0.03574812784790993,0.04555343836545944,0.9897395968437195,0.03356250002980232,1.3087292909622192,0.11224489659070969,0.5408163070678711,0.11224489659070969,0.5408163070678711,0.4004084382898021,0.3936200831333261
confidence_ge_0.6,center_only,production_roundtrip,0.6,,False,160,0.12643495202064514,0.12643493711948395,0.0,0.0,0.08654385060071945,0.08654385060071945,0.01666915789246559,0.018473995849490166,0.4030894637107849,0.4026980400085449,0.5464662313461304,0.5454795360565186,0.08800699561834335,0.09019336849451065,0.9753376245498657,0.9739786386489868,0.03698437660932541,0.036640625447034836,0.02203122340142727,0.028941601514816284,0.9941506385803223,0.021828124299645424,1.35209321975708,0.030612245202064514,0.2602040767669678,0.030612245202064514,0.2602040767669678,0.19935371443785427,0.18974926846820758
confidence_ge_0.7,center_only,production_roundtrip,0.7,,False,160,0.04381377622485161,0.04381377622485161,0.01875000074505806,0.01875000074505806,0.03344539552927017,0.03344539552927017,0.006460013333708048,0.007333518471568823,0.40807804465293884,0.4075470566749573,0.5491763353347778,0.5482833385467529,0.08293071389198303,0.08379729092121124,0.9780613780021667,0.9775455594062805,0.03929687291383743,0.039000000804662704,0.00971793569624424,0.013981765136122704,0.9975573420524597,0.009609375149011612,1.5147433280944824,0.0,0.12244898080825806,0.0,0.12244898080825806,0.07725811115958409,0.07532370238768211
top_20pct_per_image,center_only,production_roundtrip,,0.2,False,160,0.20408162474632263,0.20408162474632263,0.0,0.0,0.12939545512199402,0.12939545512199402,0.02480357326567173,0.0275593101978302,0.39983394742012024,0.39738401770591736,0.5443750023841858,0.5420470237731934,0.09229918569326401,0.09551267325878143,0.9731457829475403,0.9713767766952515,0.0351875014603138,0.034562498331069946,0.029475251212716103,0.03777873516082764,0.9919702410697937,0.028171872720122337,1.3182495832443237,0.20408163964748383,0.20408163964748383,0.20408163964748383,0.20408163964748383,0.2966367283663502,0.283065937230413
semantic_off,per_image_zscore,ru_additive,,,True,160,0.0,0.0,1.0,1.0,0.0,0.0,0.0,0.0,0.4589468538761139,0.4589468538761139,0.7789199948310852,0.7789199948310852,0.0,0.0,1.0,1.0,0.33976560831069946,0.33976560831069946,0.0,0.0,1.0,0.0,0.0,0.0,0.0,0.0,0.0,0.0,0.0
dense,per_image_zscore,ru_additive,,,False,160,1.0,1.0,0.0,0.0,0.4357421398162842,0.4357420802116394,0.0836159884929657,0.0973600372672081,0.41736945509910583,0.40011662244796753,0.7830540537834167,0.7852236032485962,0.07121814787387848,0.08477628231048584,0.9860596656799316,0.9800453186035156,0.347531259059906,0.34760937094688416,0.04726932570338249,0.07811586558818817,0.9824596643447876,0.04331250116229057,1.7566194534301758,1.0,1.0,1.0,1.0,1.0,1.0
confidence_ge_0.5,per_image_zscore,ru_additive,0.5,,False,160,0.29693877696990967,0.29693877696990967,0.0,0.0,0.1794123351573944,0.1794123351573944,0.03348054736852646,0.03832286596298218,0.4436165392398834,0.4386204183101654,0.7807005047798157,0.7807047963142395,0.03718128800392151,0.04348365217447281,0.9941967129707336,0.9918524026870728,0.3421249985694885,0.3423125147819519,0.035748131573200226,0.055577702820301056,0.9889327883720398,0.03046875074505806,1.6366641521453857,0.11224489659070969,0.5408163070678711,0.11224489659070969,0.5408163070678711,0.4004084382898021,0.3936200831333261
confidence_ge_0.6,per_image_zscore,ru_additive,0.6,,False,160,0.12643495202064514,0.12643493711948395,0.0,0.0,0.08654385060071945,0.08654385060071945,0.01666915789246559,0.018473995849490166,0.4510905146598816,0.45057734847068787,0.7798980474472046,0.7795669436454773,0.021034441888332367,0.024173760786652565,0.9971634149551392,0.9960193634033203,0.3404531180858612,0.3402499854564667,0.02203122340142727,0.035576917231082916,0.9937686920166016,0.01954687386751175,1.7021923065185547,0.030612245202064514,0.2602040767669678,0.030612245202064514,0.2602040767669678,0.19935371443785427,0.18974926846820758
confidence_ge_0.7,per_image_zscore,ru_additive,0.7,,False,160,0.04381377622485161,0.04381377622485161,0.01875000074505806,0.01875000074505806,0.03344539552927017,0.03344539552927017,0.006460013333708048,0.007333518471568823,0.4564221501350403,0.4558224678039551,0.7789615392684937,0.779020369052887,0.009547702968120575,0.010961061343550682,0.9988487958908081,0.998536229133606,0.3401718735694885,0.33909374475479126,0.00971793569624424,0.01725088804960251,0.997517466545105,0.009343749843537807,1.9394012689590454,0.0,0.12244898080825806,0.0,0.12244898080825806,0.07725811115958409,0.07532370238768211
top_20pct_per_image,per_image_zscore,ru_additive,,0.2,False,160,0.20408162474632263,0.20408162474632263,0.0,0.0,0.12939545512199402,0.12939545512199402,0.02480357326567173,0.0275593101978302,0.44752970337867737,0.44492149353027344,0.7800189256668091,0.7801021933555603,0.029652202501893044,0.03368333354592323,0.9957388043403625,0.9944222569465637,0.3413906395435333,0.3417656421661377,0.029475253075361252,0.04589919000864029,0.9914953112602234,0.02500000037252903,1.6449180841445923,0.20408163964748383,0.20408163964748383,0.20408163964748383,0.20408163964748383,0.2966367283663502,0.283065937230413
semantic_off,shared_base,ru_additive,,,True,160,0.0,0.0,1.0,1.0,0.0,0.0,0.0,0.0,0.4589468538761139,0.4589468538761139,0.7622815370559692,0.7622815370559692,0.0,0.0,1.0,1.0,0.31718748807907104,0.31718748807907104,0.0,0.0,1.0,0.0,0.0,0.0,0.0,0.0,0.0,0.0,0.0
dense,shared_base,ru_additive,,,False,160,1.0,1.0,0.0,0.0,0.4357421398162842,0.4357420802116394,0.0836159884929657,0.0973600372672081,0.41736945509910583,0.40011662244796753,0.7453376054763794,0.738293468952179,0.07157717645168304,0.08569484949111938,0.9864566922187805,0.9807012677192688,0.2819843888282776,0.2660468816757202,0.04726932570338249,0.07499296963214874,0.9836899042129517,0.04326562583446503,1.6630992889404297,1.0,1.0,1.0,1.0,1.0,1.0
confidence_ge_0.5,shared_base,ru_additive,0.5,,False,160,0.29693877696990967,0.29693877696990967,0.0,0.0,0.1794123351573944,0.1794123351573944,0.03348054736852646,0.03832286596298218,0.4436165392398834,0.4386204183101654,0.7565733194351196,0.754420280456543,0.034054674208164215,0.03992048278450966,0.9944067001342773,0.9920818209648132,0.30512499809265137,0.30000001192092896,0.035748131573200226,0.05300567299127579,0.9894084930419922,0.02942187525331974,1.546492338180542,0.11224489659070969,0.5408163070678711,0.11224489659070969,0.5408163070678711,0.4004084382898021,0.3936200831333261
confidence_ge_0.6,shared_base,ru_additive,0.6,,False,160,0.12643495202064514,0.12643493711948395,0.0,0.0,0.08654385060071945,0.08654385060071945,0.01666915789246559,0.018473995849490166,0.4510905146598816,0.45057734847068787,0.7595775723457336,0.7589863538742065,0.01777833327651024,0.020529141649603844,0.9973174333572388,0.9961220026016235,0.3111875057220459,0.30973440408706665,0.02203122340142727,0.032357268035411835,0.9940391778945923,0.018187498673796654,1.5335289239883423,0.030612245202064514,0.2602040767669678,0.030612245202064514,0.2602040767669678,0.19935371443785427,0.18974926846820758
confidence_ge_0.7,shared_base,ru_additive,0.7,,False,160,0.04381377622485161,0.04381377622485161,0.01875000074505806,0.01875000074505806,0.03344539552927017,0.03344539552927017,0.006460013333708048,0.007333518471568823,0.4564221501350403,0.4558224678039551,0.7612355947494507,0.7607842683792114,0.007244487293064594,0.008148393593728542,0.9989102482795715,0.9985801577568054,0.3149999976158142,0.3136405944824219,0.00971793569624424,0.014240304008126259,0.997636616230011,0.007921875454485416,1.567584753036499,0.0,0.12244898080825806,0.0,0.12244898080825806,0.07725811115958409,0.07532370238768211
top_20pct_per_image,shared_base,ru_additive,,0.2,False,160,0.20408162474632263,0.20408162474632263,0.0,0.0,0.12939545512199402,0.12939545512199402,0.02480357326567173,0.0275593101978302,0.44752970337867737,0.44492149353027344,0.7580405473709106,0.7568156123161316,0.026289399713277817,0.029732245951890945,0.9958585500717163,0.9945287704467773,0.3080156147480011,0.3049375116825104,0.029475253075361252,0.04335733503103256,0.9917486310005188,0.02423437498509884,1.5412849187850952,0.20408163964748383,0.20408163964748383,0.20408163964748383,0.20408163964748383,0.2966367283663502,0.283065937230413
semantic_off,center_only,ru_additive,,,True,160,0.0,0.0,1.0,1.0,0.0,0.0,0.0,0.0,0.4589468538761139,0.4589468538761139,0.578486979007721,0.578486979007721,0.0,0.0,1.0,1.0,0.06079687550663948,0.06079687550663948,0.0,0.0,1.0,0.0,0.0,0.0,0.0,0.0,0.0,0.0,0.0
dense,center_only,ru_additive,,,False,160,1.0,1.0,0.0,0.0,0.4357421398162842,0.4357420802116394,0.0836159884929657,0.0973600372672081,0.41736945509910583,0.40011662244796753,0.5545760989189148,0.5435181856155396,0.058657772839069366,0.07142510265111923,0.9899009466171265,0.9854168891906738,0.041734375059604645,0.03479687497019768,0.04726932570338249,0.058787375688552856,0.9872228503227234,0.04331250116229057,1.2837274074554443,1.0,1.0,1.0,1.0,1.0,1.0
confidence_ge_0.5,center_only,ru_additive,0.5,,False,160,0.29693877696990967,0.29693877696990967,0.0,0.0,0.1794123351573944,0.1794123351573944,0.03348054736852646,0.03832286596298218,0.4436165392398834,0.4386204183101654,0.5701956152915955,0.5668991804122925,0.028548279777169228,0.03373124822974205,0.995707631111145,0.9938148260116577,0.05450000241398811,0.050859373062849045,0.035748131573200226,0.04296370595693588,0.9916168451309204,0.03046875074505806,1.2369742393493652,0.11224489659070969,0.5408163070678711,0.11224489659070969,0.5408163070678711,0.4004084382898021,0.3936200831333261
confidence_ge_0.6,center_only,ru_additive,0.6,,False,160,0.12643495202064514,0.12643493711948395,0.0,0.0,0.08654385060071945,0.08654385060071945,0.01666915789246559,0.018473995849490166,0.4510905146598816,0.45057734847068787,0.5745102763175964,0.5735676884651184,0.01583283022046089,0.018353600054979324,0.997859001159668,0.9968978762626648,0.05753124877810478,0.056812502443790436,0.02203122340142727,0.02733662724494934,0.9952040910720825,0.01954687386751175,1.2788745164871216,0.030612245202064514,0.2602040767669678,0.030612245202064514,0.2602040767669678,0.19935371443785427,0.18974926846820758
confidence_ge_0.7,center_only,ru_additive,0.7,,False,160,0.04381377622485161,0.04381377622485161,0.01875000074505806,0.01875000074505806,0.03344539552927017,0.03344539552927017,0.006460013333708048,0.007333518471568823,0.4564221501350403,0.4558224678039551,0.5771337747573853,0.5763987302780151,0.007140052504837513,0.008355324156582355,0.9991546869277954,0.9987488985061646,0.059828124940395355,0.05939062312245369,0.00971793569624424,0.013211345300078392,0.9979841113090515,0.009343749843537807,1.436030387878418,0.0,0.12244898080825806,0.0,0.12244898080825806,0.07725811115958409,0.07532370238768211
top_20pct_per_image,center_only,ru_additive,,0.2,False,160,0.20408162474632263,0.20408162474632263,0.0,0.0,0.12939545512199402,0.12939545512199402,0.02480357326567173,0.0275593101978302,0.44752970337867737,0.44492149353027344,0.572494387626648,0.5703967809677124,0.022760625928640366,0.025964131578803062,0.9967808723449707,0.9956395030021667,0.05573437735438347,0.0540468767285347,0.029475253075361252,0.0356634296476841,0.9934300184249878,0.02500000037252903,1.247341513633728,0.20408163964748383,0.20408163964748383,0.20408163964748383,0.20408163964748383,0.2966367283663502,0.283065937230413
