query_index,global_correct,refined_correct,ru_correct,top100_reachable,refined_distance_m,refined_raw_ca_difference_deg,nearest_gt_distance_m
0,True,True,True,True,18.05518284513491,17.29230000000004,3.6425908324610936
1,False,False,False,True,2992.7987827965094,158.99263858795166,3.725586930207563
2,True,True,True,True,7.865656202471128,17.087599999999924,0.4628546065915677
3,False,True,False,True,16.669336567545397,33.11940000000001,4.633649607247334
4,True,True,True,True,14.726333298686757,7.593992999999955,3.0693484701177094
5,True,True,True,True,4.431340525788577,14.311860000000024,3.7803910776421397
6,True,True,True,True,10.41142378460426,18.562999999999988,10.41142378460426
7,True,True,True,True,21.038614000515754,6.385375976562415,10.336256693639537
8,True,True,True,True,15.425243155120565,3.840850830078125,6.151550032819036
9,True,True,True,True,7.642777431167177,18.526310000000024,2.6661118935967187
10,True,True,True,True,16.436197534951866,10.369685742187471,0.7422065194017772
11,True,True,True,True,8.105381558481298,18.61407470703125,4.111489879601029
12,True,True,True,True,3.123115937066743,12.358889999999974,1.534372713628543
13,True,True,True,True,3.1801656441519404,31.77800000000002,3.1801656441519404
14,True,True,True,True,12.593308038007402,27.808099999999996,2.8094823562912166
15,True,True,True,True,3.875804506881608,3.176300000000026,3.875804506881608
16,True,True,True,True,4.612806656291415,1.2828000000000372,1.5313430670095618
17,True,True,True,True,8.05837921592915,21.187810000000013,3.915838478967878
18,True,True,True,True,4.437303041432411,27.65870000000001,3.2337135397120895
19,True,True,True,True,1.6811781845090497,10.002200000000016,1.6811781845090497
20,True,True,True,True,6.5770076688012935,21.163700000000006,5.753486721843729
21,True,True,True,True,6.130316042118404,3.4335000000000377,2.210938106208346
22,True,True,True,True,6.207261854270982,8.936848508071876,6.207261854270982
23,True,True,True,True,5.040530177483603,0.50830078125,3.597235813466728
24,True,True,True,True,19.501608336276345,0.274627685546875,1.2784918156745164
25,True,True,True,True,4.84334431663407,34.87869999999998,4.84334431663407
26,True,True,False,True,8.202526129089206,12.474831188201989,8.202526129089206
27,True,False,True,True,28.13794929038247,17.27188000000001,5.091441293454574
28,True,True,True,True,10.594365928799647,6.960900000000009,6.970881963000228
29,True,True,True,True,1.0849903828414758,1.039300000000054,1.0849903828414758
30,False,False,True,True,26.32802261186538,15.923800000000028,14.023004708663386
31,True,True,True,True,5.091951365730086,32.1100720703125,3.26641472303203
32,True,True,True,True,6.243364681343859,6.262284814453096,3.515599551448213
33,True,True,True,True,9.579492312741714,4.439418749999959,1.6082699699768606
34,False,False,False,True,1298.0400049053796,86.89698999999996,1.376122710919474
35,False,True,True,True,12.255343481916315,0.8291015625,6.038968172813375
36,True,True,True,True,15.494681062510073,1.183807373046875,7.406697793337873
37,True,True,True,True,3.792480115437617,8.474000000000046,3.792480115437617
38,True,True,True,True,9.099900998882903,8.359680000000026,1.4070996971696699
39,False,True,True,True,2.232452517498079,13.496339999999975,2.232452517498079
40,True,True,True,True,16.754666904049238,20.092099999999988,12.699719697670679
41,True,True,True,True,0.5116514752058668,5.160100000000085,0.5116514752058668
42,True,True,True,True,14.356212060846724,3.229250000000036,2.849533335915896
43,True,True,True,True,18.87160969356621,27.755499999999984,7.994803063584572
44,True,True,True,True,4.002847320696415,24.11352999999997,4.002847320696415
45,True,True,True,True,8.519871842191193,17.894800000000032,8.307086512723377
46,True,True,True,True,5.438782066177652,3.746399999999994,4.700141019006524
47,True,True,True,True,8.559070099452875,18.04469999999992,2.8140600291046347
48,True,True,True,True,4.392013713524098,19.1884,1.2977031466177098
49,False,True,False,True,0.062907953418252,3.7269900000000007,0.062907953418252
50,True,True,True,True,16.008121748914792,2.740570068359375,3.787024361377343
51,True,True,True,True,20.048621821409892,1.6176910400390625,6.307799529607202
52,True,True,True,True,4.652351905749067,16.439968603515524,2.8097826507245522
53,True,True,True,True,14.582063482376222,14.816601953124973,2.7641761698131937
54,False,False,False,False,5184.310901459551,171.86433000000002,4.775264271758487
55,True,True,True,True,7.4635830807817,5.3404000000000735,5.358493550513884
56,False,True,True,True,18.352447611941834,8.503128222656187,13.584101576330745
57,True,True,True,True,16.09855353149271,19.29128400000002,10.414470467962031
58,True,True,True,True,6.485567192165697,25.253600000000006,5.860423788199286
59,True,True,True,True,21.126785659971333,0.230987548828125,11.022116625891513
60,True,True,True,True,14.051862041155893,4.058099999999939,3.572643964508183
61,True,True,True,True,13.744793832190238,2.2931839746094056,10.94945086994709
62,True,True,True,True,8.246644104339962,6.293999999999983,2.7701091363226777
63,True,True,True,True,17.031927182148017,4.089813232421875,4.718010073364529
64,True,True,True,True,16.699800213298523,4.45361328125,4.785335854763752
65,True,True,True,True,12.555002426688018,0.1068000000000211,3.591855622639823
66,True,True,True,True,16.94271135229349,33.74660019531257,11.914521585827005
67,True,True,True,True,0.9221368588899016,2.5745775390624885,0.9221368588899016
68,False,True,True,True,1.8263867686316382,22.06573000000003,1.8263867686316382
69,True,True,True,True,5.22395372800223,21.487535888671744,5.22395372800223
70,True,True,True,True,4.222587897695268,16.321409999999958,4.222587897695268
71,True,True,True,True,13.576496804719262,28.499000000000024,2.161468602955999
72,True,True,True,True,19.28797540135594,2.454800000000006,4.868970264433181
73,True,True,True,True,8.767543039389027,18.05308222656248,4.198967693883734
74,True,True,True,True,15.758861199536415,13.490839999999992,12.63301550011212
75,True,True,True,True,4.230312565219978,5.294620000000009,4.230312565219978
76,True,True,True,True,14.058990550717525,9.48090000000002,5.2763683499515714
77,True,True,True,True,21.568926349056447,13.693103662109365,0.8772020016242762
78,True,True,True,True,5.334058711567698,5.162512304687368,2.3692071226779716
79,True,True,True,True,18.987042388533375,12.9169921875,2.1497921118558847
80,True,True,True,True,3.3374332037006282,12.233177539062467,1.0330071691816425
81,True,True,True,True,0.21921378060805485,8.07370000000006,0.21921378060805485
82,True,True,True,True,4.327986823880066,4.32115667112285,4.327986823880066
83,True,True,True,True,19.44152862852235,11.332799999999793,12.115870754090048
84,True,True,True,True,21.580005571173615,10.671319482421893,2.891924547279513
85,True,True,True,True,4.22973696594055,28.95050000000009,0.2919637820894457
86,True,True,True,True,18.100643054495173,0.21350000000001046,13.834120011674974
87,True,True,True,True,10.884549621218243,2.005185292968747,10.163716150554048
88,True,True,True,True,4.754752541786087,3.7794000000000096,2.1374698244675767
89,True,True,True,True,13.053502845513815,5.172318242984744,10.269558222465085
90,True,True,True,True,3.745760032327539,32.701959999999985,3.745760032327539
91,True,True,True,True,4.786753286004468,0.9689999999999941,4.566229600810465
92,True,True,True,True,6.489415332022255,17.921929999999975,2.11179027281026
93,True,True,True,True,17.966624452754445,10.330782910156245,11.415937201095945
94,True,True,True,True,18.804216581501663,5.468974218749963,16.472938147153975
95,True,True,True,True,17.71755727330867,20.655247287945258,1.8596634382426065
96,True,True,True,True,8.35776709590771,10.817828222656402,1.196407185440105
97,True,True,True,True,12.091895425329035,15.174649000000045,2.1014593339152716
98,False,False,False,False,5176.858762392636,118.1473029296875,6.562843864634653
99,True,True,True,True,9.045387444780703,4.717099999999959,1.5250782546978046
100,True,True,True,True,6.7357761844325506,12.00697636718752,0.27532240127427593
101,True,True,True,True,0.43847966802822347,4.950899999999933,0.43847966802822347
102,True,True,True,True,0.12791908811399458,11.381499999999932,0.12791908811399458
103,True,True,True,True,9.98742050284044,12.065099999999973,0.6722999435439848
104,True,True,True,True,7.574029690982864,16.21422471262082,6.28507186353266
105,True,True,True,True,16.935940292309816,1.1185119137786614,1.3468663260968645
106,True,True,True,True,13.378516848615622,4.573564941406261,11.334677947779769
107,True,True,True,True,12.160317085225344,2.1949431884765715,2.420089924477503
108,True,True,True,True,10.74273484422545,24.00279999999998,0.5708494894619031
109,True,True,True,True,5.718932183810933,41.97169999999994,5.586532980187233
110,True,True,True,True,4.455370074466131,42.557320000000004,3.839280660301576
111,True,True,True,True,3.8537584919990904,6.284599999999983,3.8537584919990904
112,True,True,True,True,14.173410252203595,12.309071484374954,14.173410252203595
113,True,True,True,True,15.313090277690398,10.62921,12.357515628278048
114,True,True,True,True,7.470474718668834,19.54719999999986,7.470474718668834
115,True,True,True,True,17.077648221091664,2.77838134765625,7.672012002565913
116,True,True,True,True,13.027312672657201,0.13249999999999318,1.1136049430998411
117,False,True,True,True,19.29557129918645,4.1455124665827725,2.1823567273743207
118,True,True,True,True,0.0,19.990100000000012,0.0
119,True,True,True,True,5.780445549812299,6.179015039062506,5.780445549812299
120,True,True,True,True,2.893213985462778,6.859427246093787,0.8885278439040883
121,True,True,True,True,5.331563823900043,11.390199999999993,0.8509599816374834
122,True,True,True,True,1.1976086776822175,10.805900000000179,1.1976086776822175
123,True,True,True,True,22.598044710710518,22.74290000000002,6.694904823575235
124,True,True,True,True,0.9089670262180843,0.6479000000000497,0.9089670262180843
125,False,False,False,False,2130.2436658552624,70.60849999999999,0.2752765685240029
126,False,False,False,True,2242.7430596809722,147.6236503409727,6.266337221297717
127,True,True,True,True,3.8028341649044966,1.4454999999999814,3.2319138905328657
128,True,True,True,True,3.392472074466388,8.470916943359413,0.5246324808344102
129,True,True,True,True,17.59279540375281,9.291850561523432,17.249891386584956
130,True,True,True,True,5.545765467096664,5.096919921874985,2.3867825931582063
131,False,False,True,True,3411.976369149294,56.744899999999916,4.364213525353695
132,True,True,True,True,3.8951211358852205,9.268,3.8951211358852205
133,True,True,True,True,9.042154121322229,7.211500000000001,5.426760428760468
134,True,True,True,True,13.632201935216141,14.695799999999963,1.560324238047733
135,True,True,True,True,1.384289954761622,2.048370361328125,1.384289954761622
136,True,True,True,True,8.500914698130781,7.5456999999999255,8.500914698130781
137,False,True,True,True,13.653146363417784,12.310700000000026,3.008129376833646
138,True,True,True,True,17.563940581409803,37.59077041015615,4.595611198279024
139,True,True,True,True,4.840996728200574,12.542261021028935,1.926736864355985
140,True,True,True,True,5.907235393812236,1.8503899581799033,5.907235393812236
141,True,True,True,True,4.948466490289254,3.737396240234375,4.948466490289254
142,True,True,True,True,2.3733969364713396,0.0091552734375,2.3733969364713396
143,True,True,True,True,17.37845794294822,2.274169921875,2.2755884568252642
144,False,True,True,True,8.197022436828757,1.2682753027343665,7.53044098000888
145,True,True,True,True,6.121132839171914,7.328609960937456,6.121132839171914
146,True,True,True,True,2.998368742555226,0.751617431640625,2.998368742555226
147,True,True,True,True,6.891067250372264,9.43221647460939,6.077196138193132
148,False,False,False,False,257.89227961111743,1.0622999999998797,5.921269813326258
149,True,True,True,True,4.913385302565646,28.739944433593706,4.309780528362457
150,False,True,True,True,3.494217515593145,3.9426862060546455,3.494217515593145
151,True,True,False,True,7.948112026792083,5.935305527343758,7.91285940071062
152,True,True,True,True,4.970050648854028,10.25870000000009,0.8121618285135267
153,True,True,True,True,8.489563801507389,5.544999999999959,8.489563801507389
154,True,True,True,True,12.22986085356144,6.072594921874952,12.22986085356144
155,True,True,True,True,13.46237871901865,2.5742016601561204,4.572453038589458
156,True,True,True,True,10.376627730886117,2.2575667578125262,6.0729280687310485
157,False,True,True,True,14.38782824721925,15.323364195312479,8.279720128409599
158,True,True,True,True,5.461603445416061,4.9792999999999665,5.461603445416061
159,True,True,True,True,11.55832559129124,25.470979999999997,11.55832559129124
160,True,True,True,True,1.3142512174201917,6.094300000000004,1.3142512174201917
161,True,True,True,True,2.1743534946031193,3.51776123046875,2.1743534946031193
162,True,True,True,True,3.5476398185963354,5.168999999999841,3.5476398185963354
163,False,False,True,True,5673.900112440608,18.5954999999999,5.881932162316995
164,True,False,True,True,7044.179201546741,21.622619531249995,3.7369365275775657
165,False,True,False,True,7.746632948691121,1.7988692381712212,2.1288103972228103
166,True,True,True,True,1.058601797085554,0.2504330103969039,1.058601797085554
167,True,True,True,True,17.231792976848403,3.7754215839843823,2.8377792572892413
168,True,True,True,True,17.78308481564491,19.461000000000013,9.210111016695903
169,True,True,True,True,1.5480639810944639,4.234041298828117,1.5480639810944639
170,True,True,True,True,10.452789564117904,7.446434423828066,3.7401133267990856
171,True,True,True,True,9.745542757127003,4.625885009765625,9.745542757127003
172,False,False,False,True,31.210172264134805,8.562445214843791,3.414149971115196
173,False,True,True,True,14.636350807673338,9.265019999999993,12.750676114626346
174,True,True,True,True,3.8844371041593813,4.430730000000011,3.8844371041593813
175,True,True,True,True,4.984282667972425,17.14438700344317,1.8736530242617522
176,True,True,True,True,6.1365771540309515,3.4133299999999736,2.2780656543859865
177,True,True,True,True,5.328837897892385,11.078499999999849,1.6345962668839826
178,True,True,False,True,5.745470714287176,1.536529541015625,5.745470714287176
179,True,True,False,True,12.420507734231526,7.865299999999962,7.899798241079114
180,True,True,True,True,5.496761873262041,4.263399999999933,5.496761873262041
181,True,True,True,True,3.2847408244176752,13.94599999999997,3.2847408244176752
182,True,True,True,True,14.632641498558016,21.593099999999993,0.12787920679887602
183,True,True,True,True,14.777074864646456,10.638999999999953,2.338489413617968
184,True,True,True,True,6.240239325856013,1.8878200000000334,1.8260442505726615
185,True,True,True,True,11.801882042761752,1.1564025878905682,1.2416390662631187
186,False,True,True,True,9.654273453346933,0.4547200000000089,5.35459096065348
187,True,True,True,True,9.317896913347269,3.831024169921875,2.646809454857762
188,True,True,True,True,7.66358577331555,2.2420654296875,2.7318822612500235
189,True,True,True,True,5.338818339116568,1.3931200000000104,0.11136139957824706
190,True,True,True,True,12.27334903013866,1.465545654296875,4.271920489738804
191,True,True,True,True,12.910706245781862,0.5970991073118626,3.8726180455755483
192,True,False,False,True,28.40373570508422,12.196799999999882,16.168347990356356
193,True,True,True,True,14.382292630694867,37.27891999999997,14.382292630694867
194,True,True,True,True,8.286227835307571,14.03109999999998,1.6199795329030038
195,True,True,True,True,1.6093767383610507,1.07818603515625,1.6093767383610507
196,True,True,True,True,4.127115823393738,8.673706714956893,3.2366737158808974
197,True,True,True,True,8.54965170057791,10.594800000000049,7.3522678741253555
198,True,True,True,True,3.120658627622353,3.1515999999999167,2.7365048798856444
199,True,True,True,True,9.908808565411427,25.605804443359375,4.521458974546854
200,True,True,True,True,7.123623123443308,5.9091033935546875,7.123623123443308
201,True,True,True,True,10.608982952051537,15.909575322265596,6.332948782151573
202,True,True,True,True,8.292841173297456,27.93409316406246,4.91171945156423
203,True,True,True,True,2.170090865339224,1.05426025390625,2.170090865339224
204,False,False,False,False,3156.4434644512926,60.537096590849615,16.09576011626916
205,True,True,True,True,0.4933914020498633,10.892200000000003,0.4933914020498633
206,True,True,True,True,10.975151968411069,4.922146545040704,2.219511749552546
207,True,True,True,True,2.648469441367073,13.10868204128758,1.853177346323119
208,True,True,True,True,6.068523246129934,14.024599999999964,2.9638338109822
209,False,False,False,False,4070.77336546486,5.991402943700336,18.608790119084894
210,True,True,True,True,10.197294119965461,11.612100000000055,10.197294119965461
211,True,True,True,True,6.0789375390024,6.545564814453144,6.0789375390024
212,True,True,True,True,8.326105920844904,16.761799999999994,0.41818765490959414
213,True,True,True,True,5.011539542062016,1.0173399999999901,5.011539542062016
214,True,True,True,True,18.497315978936914,2.5049999999999955,11.352243960274343
215,True,True,True,True,2.239260082345463,18.337829999999997,2.239260082345463
216,True,True,True,True,10.298759729092287,14.856199999999944,2.665990287998231
217,True,True,True,True,13.693294881526658,8.348770898437465,4.715717249335139
218,True,True,True,True,9.023543397755427,0.73004150390625,2.1281741683566726
219,True,True,True,True,2.358140345225949,7.812500039062513,2.358140345225949
220,True,True,True,True,4.749369459324318,4.452485214176107,4.749369459324318
221,True,True,True,True,6.812214085533959,5.977053000000012,6.812214085533959
222,True,True,True,True,8.695963415384908,7.259984138240469,6.852846033147076
223,True,True,True,True,9.825923029760038,23.21010000000004,5.006798941157558
224,True,True,True,True,4.679337757280084,3.306099999999958,3.9189336555363035
225,True,True,True,True,7.495126430657354,7.659824207476277,7.495126430657354
226,True,True,True,True,3.0494719078825674,4.019020312500061,3.0494719078825674
227,True,True,True,True,15.152819076174733,11.00850986468339,8.535845180225222
228,False,True,True,True,5.691975337334146,0.06371999999998934,5.691975337334146
229,True,True,True,True,7.967136934102504,0.7601470947265625,0.3864491139428535
230,False,True,True,True,3.615525500857236,9.512234892578135,3.0757330572008645
231,True,True,True,True,5.6126289810482435,16.041400000000067,5.6126289810482435
232,True,True,True,True,10.455442071233666,17.83430999999996,10.455442071233666
233,True,True,True,True,5.701995001858791,3.138916015625,5.701995001858791
234,True,True,True,True,3.149775512432217,3.9703369140625,3.149775512432217
235,True,True,True,True,9.606288525450433,7.913370605468799,0.14772031175264239
236,True,True,True,True,0.5969433739519195,19.75543212890625,0.5969433739519195
237,False,False,False,False,3785.29039954372,41.55370000000002,12.0839518809716
238,True,True,True,True,7.534139926281249,15.430881347656111,5.392560347983633
239,True,True,True,True,9.998231769833021,15.254938818359449,3.7669594283616408
240,True,False,True,True,35.10742757469693,8.98168757812499,4.188167143658766
241,False,True,False,True,3.2002387946904025,2.016300000000001,1.7092026169640822
242,True,True,False,True,8.866700694909907,6.723880000000008,1.5420344309867244
243,True,True,True,True,8.65476703841733,1.9063392480468906,7.853745924115696
244,True,True,True,True,15.827599670665654,13.440336220703102,3.6725671570126015
245,True,True,True,True,0.6718574344775216,27.279089999999997,0.6718574344775216
246,True,True,True,True,2.573421371998517,17.400599999999997,2.573421371998517
247,True,True,True,True,4.789036250111298,6.121399999999994,4.789036250111298
248,True,True,True,True,6.21114878480074,2.00946044921875,4.527899985777739
249,False,True,False,True,13.660356377759975,16.018088671874864,3.1490292255553616
250,False,True,True,True,2.47379517731273,46.7984619140625,2.47379517731273
251,True,True,True,True,5.385533307834471,6.368812695312499,3.1815810753694542
252,True,True,True,True,6.315519151731853,5.273525488281109,6.315519151731853
253,True,True,True,True,11.778884862298234,30.363040000000012,4.125324270339164
254,True,True,True,True,11.151035941534861,0.27703857421875,3.1537922125864863
255,False,False,False,False,102.2054944236877,2.3717177734374673,5.406962384569533
256,True,True,True,True,10.747952302137486,15.40625,2.416816961938414
257,True,True,True,True,9.294351404978897,14.609408916015639,6.1491684109263804
258,False,True,True,True,15.080109331073011,10.40999999999994,1.1215744383303066
259,True,True,True,True,10.521447856119558,43.27099999999996,0.06292427207199952
260,True,True,True,True,7.975690654009327,38.20179296874994,5.149910661875178
261,True,True,True,True,3.903918482062176,25.049999999999955,3.20880432027624
262,True,True,True,True,7.100963490281111,6.6644000000000005,6.040142396132493
263,True,True,True,True,8.9335058704815,22.276900000000012,4.334889743117778
264,True,True,True,True,3.125016702186425,24.613459999999975,3.125016702186425
265,True,True,True,True,6.029668074204539,17.836200000000133,3.837807394660005
266,True,True,True,True,6.797747348458106,2.151549999999986,6.797747348458106
267,True,True,True,True,7.786350496636115,15.5886134765625,0.8509249972656459
268,False,True,True,True,5.482299968790607,12.346900000000005,5.402395084366916
269,True,True,True,True,16.00565087118196,38.25189462890626,3.672435622863367
270,True,True,True,True,9.857686800524894,136.08240999999998,3.927096620942529
271,True,True,True,True,5.794325815452559,12.845892089843801,3.139898361519738
272,True,True,True,True,1.504968713227655,19.87429999999995,1.504968713227655
273,True,True,True,True,16.50723839751536,0.03871132812480482,2.0922174940856335
274,True,True,True,True,5.2367197150469185,7.015260000000012,5.2367197150469185
275,True,True,True,True,13.526726624744672,5.25868359375005,3.6082350940669428
276,True,True,True,True,7.5937976932096785,10.543320947265528,7.5937976932096785
277,True,True,True,True,4.914491007487835,20.421269999999993,4.480616918295426
278,True,True,True,True,22.73294637245424,2.533111572265625,11.011841284941436
279,True,False,True,True,27.246717526284822,16.906729728550488,7.5875281666170515
280,True,True,True,True,1.7366309396654145,0.811492919921875,1.7366309396654145
281,True,True,True,True,17.35099431852476,12.750967285156321,1.594188925617601
282,True,True,True,True,7.924122995101769,36.71010000000001,0.8001356134596371
283,True,True,True,True,2.848143848746462,20.669099999999958,2.848143848746462
284,False,True,True,True,10.559528002475714,5.26949999999988,0.6725944845534082
285,True,True,True,True,4.243084086934586,19.99379033203124,3.06168232957885
286,True,True,True,True,6.5103331510163756,8.922799999999938,6.5103331510163756
287,False,False,False,True,58.50323200168767,9.387799999999999,6.146408804788028
288,True,True,True,True,2.1046796628878215,0.775543212890625,2.1046796628878215
289,False,False,False,True,137.8064990673246,3.943084716796875,10.393362843862732
290,True,True,True,True,3.594820703097729,17.639307519888064,2.4818414873797177
291,True,True,True,True,17.202981420327532,1.2989212890624913,1.660432548825401
292,True,True,True,True,5.2069272434856195,0.9872808593750051,5.2069272434856195
293,True,True,True,True,3.526845909982479,104.95018005371082,3.1320178796944473
294,True,True,True,True,16.116045827027346,19.532563476562473,0.6097058211825096
295,True,True,True,True,6.382161514827848,1.654903662109291,6.382161514827848
296,True,True,True,True,3.75216229987773,8.695800000000048,3.75216229987773
297,True,True,True,True,14.122144916878495,2.280884057617186,6.5469995347450025
298,True,True,True,True,9.072913728483025,30.276496510771835,6.2735644339358885
299,True,True,True,True,2.5643366674638277,11.431565195591304,2.5643366674638277
300,True,True,True,True,3.5199658913474554,20.669399999999882,3.5199658913474554
301,True,True,True,True,17.509113035413687,6.222587703684212,6.438667090215299
302,True,True,True,True,4.7526522491545515,9.037648196147586,1.7266250859020862
303,True,True,True,True,0.7098020968819765,22.064142409399324,0.7098020968819765
304,True,True,True,True,1.4195883826048625,20.72569999999996,1.4195883826048625
305,False,True,True,True,18.557272106849013,1.5853000000000748,0.4181939734645416
306,False,True,True,True,7.6425063116351675,11.696400000000096,4.332678043032003
307,False,True,True,True,3.816632074952722,6.629200000000083,3.3455077071005244
308,True,True,True,True,5.6146453513392585,8.772002343750046,5.578902433568453
309,True,True,True,True,15.471124877000905,25.115909999999985,1.1294627877397443
310,True,True,True,True,13.909424725395908,9.753028906249938,1.6684188767535473
311,False,True,True,True,5.354476270989277,6.0677499999999895,3.343121779337392
312,False,True,False,True,24.881617427385365,5.43119999999999,14.814961357590281
313,True,True,True,True,18.59021661001413,3.071049999999957,9.22936221191579
314,True,True,True,True,11.065676158772025,7.416034814452985,4.438643262259368
315,False,False,False,True,143.19289990429877,7.004241943359375,8.85022040045514
316,True,True,True,True,5.79184508684899,14.471310000000017,5.79184508684899
317,True,True,True,True,6.302161932303222,5.797200000000004,3.084287011284896
318,True,True,True,True,3.516502298274767,5.316021826171891,3.516502298274767
319,True,True,True,True,4.358575155993611,2.824199999999962,4.358575155993611
320,True,True,True,True,6.875853474658311,13.40599999999992,3.7534252707296476
321,True,True,True,True,16.433465242766893,41.14816488281252,15.212506167479024
322,True,True,True,True,5.093198955124158,23.710583691406384,1.0529519016843172
323,True,True,True,True,8.299264723709662,7.810699999999997,2.116473295810724
324,True,True,True,True,10.321841094049827,18.89758650390627,5.77966558269227
325,False,True,True,True,9.88277969261565,3.7960594848632923,5.59994064620807
326,True,True,True,True,11.590691049343931,1.3848068110788176,5.280131733666767
327,True,True,True,True,1.0198396719688807,19.471599999999967,1.0198396719688807
328,True,True,True,True,12.007688618139456,0.5658435378430795,10.735107797143641
329,True,True,True,True,8.444208270994487,3.2480999999998517,1.973654605484705
330,False,True,True,True,1.5052884304591811,4.66119384765625,1.5052884304591811
331,True,True,True,True,11.609098475520522,15.217900000000071,5.088063176987973
332,True,True,True,True,4.36863084902926,11.907430280017707,4.36863084902926
333,True,True,True,True,8.510488994136594,19.511300000000006,3.7368167460020074
334,True,True,True,True,2.2493829939621515,25.9131000000001,1.3743950733072172
335,False,False,False,True,25.207951351799508,11.462800000000044,6.839372233425244
336,False,False,False,True,25.37111034956465,3.0108999999999924,4.002835522213336
337,True,True,True,True,13.969748570245109,10.149585644531271,2.0582239056982945
338,False,False,False,False,1343.3785865014893,6.621809999999982,1.2558181504716697
339,True,True,False,True,14.6068377370159,0.5893916259765604,11.991248510278867
340,True,True,True,True,10.562792427618843,6.303422049201572,6.538794280163572
341,True,True,True,True,5.789248092195593,38.09686622543336,4.717597815585306
342,True,True,True,True,3.8932465563512575,15.419069999999977,3.8932465563512575
343,True,True,True,True,4.601591853310013,15.9024,4.601591853310013
344,True,True,True,True,9.85239920491608,0.5780029296875,1.6881339315242445
345,True,True,True,True,3.279222980317878,0.9771999999999821,3.279222980317878
346,True,True,True,True,8.54519163769322,4.9062000000000126,7.6864591699655955
347,True,True,True,True,11.611002912171667,12.98180000000005,7.940863230858802
348,True,True,True,True,3.382663844795111,7.596300000000042,2.7940015481673535
349,True,True,True,True,11.321563404712121,1.874149999999986,1.9588494808137882
350,True,True,True,True,9.915204664476638,4.904899999999998,2.754051082938919
351,True,True,True,True,4.638033605779162,2.259578767378116,4.638033605779162
352,True,True,False,True,12.256269978003504,31.316163482806388,5.169767836514261
353,True,True,True,True,11.26424650593616,3.098309082031278,2.1386102338331794
354,True,True,True,True,7.948664184027493,22.83239999999998,1.994829814983138
355,True,True,True,True,14.675096284379043,8.389040234374988,2.1605783790246065
356,True,True,True,True,18.575907477871002,32.25909999999999,15.564321995831484
357,True,True,True,True,8.066062177704943,37.30687,8.066062177704943
358,True,True,True,True,6.412730615289246,0.2218599999999924,6.412730615289246
359,True,True,True,True,2.6855342551313433,1.9248000000000047,2.6855342551313433
360,True,True,True,True,4.931987945500475,7.868399999999951,0.0968903212338093
361,True,True,True,True,19.302148275964473,12.182900000000018,15.292123292412688
362,False,True,True,True,4.660061966934878,13.066280000000006,4.660061966934878
363,False,False,False,False,79.05644931714684,8.353819999999985,7.19652652928979
364,True,True,True,True,14.268330333164634,9.267608642578125,14.268330333164634
365,False,True,True,True,16.64454590829362,6.891150000000039,8.430311760512895
366,True,True,True,True,20.520030633652173,12.163700000000034,3.2108134119304896
367,True,True,True,True,5.8905938312598884,6.115134263142636,1.5968108803246617
368,True,True,True,True,14.450577174311842,5.869074104631181,14.450577174311842
369,True,True,True,True,9.457569021241962,0.15390000000004989,6.064483188487216
370,False,True,True,True,7.920474444291905,15.67595982421875,2.7512849986197945
371,True,True,True,True,7.393429330055586,0.3119343750000212,2.2526685291284965
372,True,True,True,True,8.554607501097076,2.8448000000000775,1.8227790047940835
373,False,False,False,True,28.303242974755623,2.9941988671874924,9.94267410931694
374,True,True,True,True,6.925035962342798,12.487099999999998,6.925035962342798
375,True,True,True,True,6.165469117882224,20.51961542968752,1.445109789353499
376,True,True,True,True,2.028997999728166,0.5199999999999818,2.028997999728166
377,True,True,True,True,9.376296381234253,18.3635900390625,1.3172164364566807
378,True,True,True,True,2.885515651536021,5.741399999999999,2.885515651536021
379,True,True,True,True,21.01327110141846,21.243366816568937,8.87800440511735
380,True,True,True,True,7.863940082160806,20.812299999999993,7.863940082160806
381,True,True,True,True,6.401868918722005,9.83716000000004,1.8361529340582576
382,True,True,True,True,8.2037256503646,7.290748837344211,4.519460498600273
383,True,True,True,True,0.06290897496996418,20.16204079133263,0.06290897496996418
384,True,True,True,True,1.4973126177119114,3.321258544921875,1.4973126177119114
385,True,True,True,True,6.198452662795454,8.579243177603075,4.74407915591379
386,True,True,True,True,10.092718000776626,24.354499999999945,4.384369383382382
387,True,True,True,True,3.8906715190345413,13.855400000000031,3.8906715190345413
388,True,True,True,True,7.633054294601253,0.21309999999999718,3.876796932725443
389,True,True,True,True,10.443382961579932,22.38059999999996,7.063304028115402
390,True,True,True,True,10.902821718691857,14.55541999999997,0.33592391053810633
391,False,False,False,False,39.77115649621921,28.70429999999982,10.315627879139134
392,False,False,True,True,29.261462780243313,20.38574,2.4539647297765432
393,True,True,True,True,10.023649886622014,1.080679492187528,3.4795761124334064
394,True,True,True,True,12.4007646995702,28.18199755859368,1.667916685483626
395,True,True,True,True,3.12819297375134,8.025900000000036,2.306526910668435
396,True,True,True,True,4.287791386201885,14.697900000000004,4.287791386201885
397,True,True,True,True,12.886780018193079,6.827872595775119,0.8371039203946025
398,True,True,True,True,11.722584785977618,11.84639999999996,4.0876794398851946
399,True,True,True,True,7.394177375898412,19.58026123046875,2.8676892555795686
400,True,True,True,True,15.145569753986507,4.245699999999999,2.562300184407613
401,True,True,True,True,10.6717841542604,22.724549999999965,8.551994252894525
402,True,True,True,True,10.39741927417149,0.21966552734375,2.8389596963573753
403,False,True,True,True,4.466508968861409,9.27316865234377,4.466508968861409
404,True,True,True,True,9.12619874579032,3.3025786621093403,9.12619874579032
405,True,True,True,True,5.950816252155259,3.42289999999997,4.3054658619928405
406,True,True,True,True,7.098069424588455,5.547705421027786,3.633119046450232
407,True,True,True,True,11.334305069421452,9.051119531250038,4.532149839122441
408,True,True,True,True,2.189396413392802,5.488278658037558,2.189396413392802
409,True,True,True,True,3.3190365468573044,11.408181899461624,3.3190365468573044
410,True,False,False,True,34.527149754843535,2.4098999999999933,5.168921211177769
411,False,True,True,True,11.594819688741795,21.00464917848194,3.277009021682656
412,False,False,False,False,3904.111770585441,3.161167080078144,10.931307026275142
413,True,True,True,True,1.480234170678355,3.7244294942698275,1.2729569311297588
414,False,False,False,False,138.43987126322708,1.256683349609375,15.613174529985388
415,True,True,True,True,8.543709657686962,11.05540000000002,8.543709657686962
416,True,True,True,True,6.662681841357757,8.735937543107724,3.8607282450824516
417,True,True,True,True,12.068385452005172,9.454126562499994,2.853624918236235
418,True,True,True,True,0.6109789885728638,8.902600000000007,0.6109789885728638
419,True,True,True,True,5.923019018841196,2.665300000000002,3.9341797979790396
420,True,True,True,True,16.051869011719745,2.763900000000035,3.6785141110778516
421,True,True,True,True,7.774071931507234,1.8583999999997332,7.774071931507234
422,True,True,True,True,2.338929413425331,1.1591644287109375,0.9762432054751988
423,False,True,True,True,8.455760804772343,13.290196582031285,0.2742850868382257
424,True,True,True,True,10.254614231006803,29.525278173828156,1.3492350286721593
425,True,True,True,True,8.094314509697458,8.082700000000045,3.361421479128393
426,True,True,True,True,1.901485081456157,1.1403000000000532,1.901485081456157
427,True,True,True,True,0.9722375742740651,11.461538575879729,0.9722375742740651
428,True,True,True,True,6.376947999438744,14.64819999999986,0.3399537999820098
429,True,True,True,True,9.327749521935923,23.579300000000018,3.1246322419956556
430,True,True,True,True,17.222951241168712,0.29576582031239695,3.5934947409965345
431,True,True,True,True,5.564452499417815,13.750901611328118,5.564452499417815
432,True,True,True,True,12.3486758061451,5.866490039062512,1.9955652295038395
433,True,True,True,True,8.084640790572449,16.94557011718757,3.2655783457888967
434,True,True,True,True,11.308222000972371,1.0675999999999988,4.124297647689723
435,True,True,True,True,2.410517786792162,16.97460000000001,2.410517786792162
436,True,True,True,True,5.135810649787427,4.533500000000004,5.135810649787427
437,True,True,True,True,6.444931482077254,7.220399999999927,0.6574528469281546
438,False,True,False,True,6.194990229399102,20.455775693359385,3.0556295180929123
439,True,False,False,True,1930.6346113987095,164.58580000000006,18.06823591692424
440,True,True,True,True,8.366749973019436,21.38409999999999,8.366749973019436
441,True,True,True,True,11.721971006868698,11.587500000000205,2.763310208473627
442,True,True,True,True,7.908967792044577,0.7396000000001379,4.710636838798128
443,True,True,True,True,12.927402630046302,6.856519999999989,8.067154258928003
444,True,True,True,True,7.516416045412137,1.5779999999999745,1.9466705373123117
445,False,True,False,True,15.2660644207609,12.78902916992189,5.620180711483143
446,False,True,False,True,8.02677590403765,29.473900000000015,8.02677590403765
447,True,True,True,True,6.84592343597988,28.90880000000027,0.5452779932015835
448,True,True,True,True,24.43389570671745,18.169029736328127,3.3004077665319818
449,False,False,False,True,28.305347060143575,22.402305200195315,3.3767246035692633
450,True,True,True,True,6.8955013368632,5.266658671875007,6.8955013368632
451,True,True,True,True,5.2145171301895115,10.146954553564797,1.5262642263726833
452,True,True,True,True,9.44537038863481,10.4452,3.9319708130600763
453,True,True,True,True,2.1611555846528248,3.638799999999918,2.1611555846528248
454,True,True,True,True,12.226890734619555,10.383899999999983,0.8660346357735317
455,True,True,True,True,5.435169005171083,7.472499999999968,2.337423897733843
456,True,True,True,True,11.376109650095103,21.307800000000043,0.22271990916626636
457,True,True,False,True,8.422236651740205,1.5027999999999793,8.100232880134543
458,True,True,True,True,14.809400085028722,0.48320000000003915,5.123919726774136
459,True,True,True,True,4.470690880696435,17.751400000000075,0.7938754396727881
460,True,True,True,True,8.730748445308315,2.6945999999999515,2.999132245474005
461,True,True,True,True,10.724672996719994,6.610200000000049,5.8183031544269515
462,True,True,True,True,1.9355985639947415,6.253139843750006,1.9355985639947415
463,True,True,True,True,5.430632754024903,0.10836791992190342,1.0768029966312973
464,True,True,True,True,7.577860501064554,14.471399999999903,5.664943625253262
465,True,True,True,True,15.846479557564903,1.538787841796875,15.846479557564903
466,True,True,True,True,11.322176630109704,0.8386899999999855,3.4983137582840795
467,True,True,True,True,9.680916144418775,4.991399999999999,6.811557599474105
468,False,True,True,True,15.929930387179535,20.095200000000034,8.214207713027307
469,True,True,True,True,5.994695023562805,11.019000000000005,4.475932898035853
470,True,True,True,True,5.387768463221665,20.362700000000018,2.4340586535656845
471,False,True,False,True,19.343268608151877,6.9956999999999425,5.391019307287755
472,True,True,True,True,10.417484456217599,22.840199999999925,3.363243445875298
473,True,True,True,True,2.775620914653092,25.546900000000022,1.8330901442328118
474,True,True,True,True,2.3560403127541916,5.6831000000000245,2.3560403127541916
475,True,True,True,True,0.385415550116859,7.493200000000002,0.385415550116859
476,True,True,True,True,18.172307350361454,7.058900000000023,0.2919156143169352
477,False,True,True,True,3.165075863616031,11.451413613281261,3.165075863616031
478,True,True,True,True,18.90644583304766,30.127716015625197,0.7505038144243453
479,True,True,True,True,9.509713719964338,5.666600000000045,0.5115948403661393
480,True,True,True,True,13.284320655280126,17.75569999999999,5.60851273245529
481,True,True,True,True,2.713195653834831,0.24399999999997135,2.713195653834831
482,True,True,True,True,1.2973623045557459,18.796600000000012,1.2973623045557459
483,True,True,True,True,2.980974979312678,8.199700000000036,2.980974979312678
484,True,True,True,True,6.060192728353259,1.0314000000000192,0.16796390003823405
485,False,True,True,True,18.153223355681416,27.757499999999936,4.2894018168859445
486,True,True,True,True,6.438158102608275,7.287415917968701,6.438158102608275
487,True,True,True,True,19.395339925809115,2.2206999999999653,4.678378090040559
488,True,True,True,True,15.029020695393472,6.9868999999999915,0.8479021736923643
489,True,True,True,True,3.5173284228395434,1.390800000000013,3.5173284228395434
490,True,True,True,True,15.033384779469063,4.623000000000047,3.2130587911438595
491,True,True,True,True,7.705453125130872,6.840182208636861,3.570808051482116
492,True,True,True,True,0.0,1.6861000000000104,0.0
493,True,True,True,True,5.143254164284416,23.536779999999965,2.259511654761167
494,True,True,True,True,4.355788458008422,3.148799999999966,1.2756600186617573
495,True,True,True,True,10.501614879299295,23.098600000000033,7.603460432291251
496,False,True,True,True,11.331397752761179,5.392184472656226,3.597364894014642
497,True,True,True,True,21.208990165066837,19.883539999999982,5.357455910547448
498,True,True,True,True,24.54319083833265,8.0,5.823150587627738
499,False,True,True,True,6.110790336645964,11.417400000000043,6.110790336645964
500,False,True,True,True,7.22369876749326,1.2709197998046875,6.600590407962978
501,True,True,True,True,12.566667868117262,4.433125279125591,2.494365049190552
502,True,True,True,True,0.6525752019207686,0.19320011138916016,0.6525752019207686
503,True,True,True,True,6.2908588818013165,2.038854307281298,1.149424008390857
504,True,True,True,True,6.34935177893124,5.933265577104294,1.2538674271121795
505,True,True,True,True,10.637493875427769,10.416079999999965,2.6384123443870617
506,True,True,True,True,10.713158013895393,18.13648223876953,6.958919507906302
507,True,True,True,True,1.056390775998445,6.575927734375,1.056390775998445
508,True,True,True,True,6.758844451269721,14.229801928710913,6.166192510413442
509,True,True,True,True,3.031875912391269,2.0,3.031875912391269
510,False,True,True,True,2.754337724241543,0.0,2.754337724241543
511,True,True,True,True,10.203192540485206,17.196045000000026,4.143397743834634
512,True,True,True,True,6.939691601965708,0.0,5.113410799773142
513,True,True,True,True,5.885436117038635,5.80222938964846,3.1224048997047245
514,True,True,True,True,6.787727525725647,2.510584876732878,1.6391599252185716
515,True,True,True,True,6.527989917866758,2.0,2.510293951726109
516,True,True,True,True,2.131327710778952,0.0,2.131327710778952
517,True,True,True,True,7.379644682733109,2.054559999999981,7.379644682733109
518,True,True,True,True,1.1757405010978381,1.3280817459058767,1.1757405010978381
519,False,False,False,True,27.605906516016816,1.4200439453125,5.454205219466041
520,True,True,True,True,15.074880075275102,4.449000000000069,13.230122861859403
521,True,True,True,True,2.785107469074997,3.7762602198363027,2.785107469074997
522,True,True,True,True,6.0337638166109695,14.882514953613281,2.681959655246605
523,True,True,True,True,8.66605797459185,2.102200000000039,8.66605797459185
524,True,True,True,True,9.246216481176376,11.069699635818978,6.447960841411041
525,True,True,True,True,13.537115964218653,15.0,4.005307604157182
526,True,True,True,True,1.7367729380066166,1.0,0.38142655113141266
527,True,True,True,True,3.1943810325969935,7.0,3.1943810325969935
528,True,True,True,True,2.7549481201985198,6.0,2.713167245174215
529,True,True,True,True,7.400405456545811,4.0,7.400405456545811
530,True,True,True,True,2.704415831019354,4.0,2.704415831019354
531,True,True,True,True,4.794183354058488,0.0,4.794183354058488
532,True,True,True,True,5.201295326944224,13.290219999999977,5.201295326944224
533,True,True,True,True,8.132167573246836,1.9832992553710938,6.0403078571266295
534,True,True,True,True,21.40417479861929,0.43658025394483957,0.9111208627135068
535,True,True,True,True,2.493500511328771,1.3099072241280396,2.493500511328771
536,True,True,True,True,8.035373501823127,2.663558725450997,1.9863179046511297
537,True,True,True,True,3.6522794399199605,1.0,2.773759705167518
538,True,True,True,True,10.165392478228858,8.234903002929713,10.165392478228858
539,True,True,True,True,4.255325066519028,8.050247192382812,4.255325066519028
540,True,True,True,True,11.095072389328786,8.0,10.828052621473875
541,True,True,True,True,7.508701517817928,1.0,7.508701517817928
542,False,True,True,True,4.978889563812316,2.4704437255859375,4.978889563812316
543,True,True,True,True,4.167938486663069,1.0,4.167938486663069
544,True,True,True,True,8.77995781661396,9.18850000000009,8.77995781661396
545,False,True,False,True,8.296941751649763,2.605959999999982,8.296941751649763
546,True,True,True,True,8.90780445145257,15.675383666992161,8.90780445145257
547,True,True,True,True,5.5221694322012365,5.0,3.6517984113030653
548,True,True,True,True,3.34739014025243,2.904686068966271,3.34739014025243
549,True,True,True,True,10.322000790889312,2.1149019531250133,6.03857600700147
550,True,True,True,True,6.11237138512873,5.0,4.108256180346396
551,True,True,True,True,9.592326292126751,1.3227770677657418,9.533998759213265
552,True,True,True,True,14.366271480241055,0.5447092038546089,3.2087155784433814
553,True,True,True,True,5.005897438073216,1.0,5.005897438073216
554,True,True,True,True,6.386102864648744,2.0,3.908109914078173
555,True,True,True,True,7.906429155393655,3.0517578125e-05,3.340583606566508
556,True,True,True,True,2.2836186945708037,3.0,2.2836186945708037
557,True,True,True,True,3.9178423749333344,1.0,1.5009944343552108
558,True,True,True,True,2.700104659826944,1.0,2.700104659826944
559,True,True,True,True,24.79293966051293,3.026977109375025,11.654379229707628
560,True,True,True,True,15.598083085908435,0.5200066584989145,4.610265249700093
561,False,False,False,True,37.41767116321703,0.5090179443359375,3.013462681771924
562,False,False,False,True,35.24732605107456,0.0006408691405681566,7.93118909088701
563,True,True,True,True,8.354168554798397,2.0,2.966187016789718
564,True,True,True,True,0.5729258194380213,2.4461489541707238,0.5729258194380213
565,False,True,True,True,8.728738701341255,0.0,8.728738701341255
566,True,True,True,True,17.73219595337327,15.703800000000115,14.492561470326612
567,True,True,True,True,5.664527650538986,0.19450000000006185,1.0329430418454213
568,True,True,True,True,4.554387078031816,2.6730000000000587,2.8314603599178882
569,True,True,True,True,4.012463513110124,0.5576171875,2.3744221648447716
570,True,True,True,True,4.044155403834335,0.7000000000000455,4.044155403834335
571,False,False,False,True,183.03684058118432,0.42755126953125,4.690713971411133
572,True,True,True,True,1.9774610253119205,16.0,1.9774610253119205
573,True,True,True,True,7.0136548697370005,2.6437708531976227,7.0136548697370005
574,True,True,True,True,4.567114600761159,2.199737548828068,4.216894003490066
575,True,True,True,True,9.405836908532214,1.4104405935561317,3.754781850576356
576,True,True,True,True,9.41433031733044,11.937959999999975,9.41433031733044
577,True,True,True,True,4.174532570962206,0.09213256835926131,3.1010169313080294
578,True,True,True,True,5.714920365102574,5.129436567372466,5.714920365102574
579,True,True,True,True,8.054233171074767,9.331611516084422,2.9964194555135855
580,False,False,False,True,103.47380784000502,5.427825927734318,17.625478413487873
581,False,True,False,True,5.171229204584163,3.7890625,5.030335303933158
582,True,True,True,True,0.2521165915477433,2.774602772317678,0.2521165915477433
583,True,True,True,True,14.471678605240225,6.026827832031245,10.443200747770927
584,True,True,True,True,12.405057982708934,8.59510000000003,9.317631815179626
585,True,True,True,True,3.785362162999113,16.61417,3.785362162999113
586,True,True,True,True,3.9146133627420436,5.871997214310397,3.9146133627420436
587,True,True,True,True,12.908295043493958,0.79522705078125,1.127447317031915
588,True,True,True,True,7.079510406892499,2.474900000000048,7.079510406892499
589,True,True,True,True,3.757386475865719,0.0,3.757386475865719
590,True,True,False,True,14.724943236139579,4.600000000000023,11.283077238576
591,True,True,True,True,2.087251226724254,2.566799999999944,2.087251226724254
592,True,True,True,True,17.796831145409246,5.1079736771371245,12.821602101963503
593,True,True,True,True,24.641413362221716,19.703181933593783,6.53095074830044
594,False,True,False,True,10.58904183616186,3.3000000000000114,10.066615632189414
595,True,True,True,True,3.202561599811374,3.5978244140625293,3.202561599811374
596,True,True,True,True,3.4182200637631306,20.10635000000002,3.4182200637631306
597,True,True,True,True,6.291286822132634,0.000457763671875,2.4237619491826026
598,True,True,True,True,8.45032186710318,3.9006166992187445,8.45032186710318
599,True,True,True,True,8.935004919337377,0.4854000000000269,8.935004919337377
600,True,True,True,True,15.64805513059373,25.85330120000009,2.222411943630777
601,True,True,True,True,9.928797412761272,7.284697273166898,1.9180097725646272
602,False,True,True,True,16.121572942267893,15.88837999999987,15.255262272186465
603,True,True,True,True,3.190629064035659,18.78438415577864,3.190629064035659
604,True,True,True,True,1.2720955573830675,1.8396911621094318,1.2720955573830675
605,True,True,True,True,14.481392232683318,9.88072392578124,0.056170309639492606
606,True,True,True,True,5.349648603011993,3.0,2.9076184300301766
607,True,True,True,True,7.599121495611478,10.888367171874961,7.599121495611478
608,True,True,True,True,5.024172746390528,14.722459472656283,0.8074971288696908
609,True,True,True,True,9.10953704370352,7.441314697265625,5.643115621029617
610,True,True,True,True,9.39117155459987,12.40939000000003,6.922614718475103
611,True,True,True,True,1.4980838601182491,1.2367706298828125,1.4980838601182491
612,True,True,True,True,5.580357779294813,25.811767262375184,4.2959933475870615
613,True,True,True,True,10.550391727709313,18.09039306640625,9.219802863694287
614,True,True,True,True,10.645906319640583,12.006657617187585,3.67753980535482
615,True,True,True,True,9.36724843997292,2.870699999999914,9.36724843997292
616,True,True,True,True,10.830385687100323,1.1420686767578445,2.4324363987479214
617,True,True,True,True,7.235418291797193,9.460210000000018,0.8001454977849796
618,True,True,True,True,6.214362257126202,0.6164686303884253,4.967935928573313
619,True,True,True,True,0.6056328281933564,0.7973243606592177,0.6056328281933564
620,True,True,True,True,19.62569455170318,12.286148331914603,2.673635312215699
621,True,True,True,True,6.4212089295566575,2.6244199999999864,6.4212089295566575
622,True,True,True,True,18.610986459464517,0.12066650390625,1.9723942885343082
623,True,True,True,True,7.643647516431114,6.0,0.9522139319792908
624,True,True,True,True,4.257395714633524,3.0,4.257395714633524
625,True,True,False,True,10.94724218751653,2.481699999999904,2.8403203588337966
626,True,True,True,True,17.057103436242837,0.3512420654296875,6.208635970221217
627,True,True,True,True,7.623940629588406,1.9851497146708539,7.623940629588406
628,True,True,True,True,4.107295221469096,1.6762499999999818,4.107295221469096
629,True,True,True,True,5.60048255107209,2.342021354669413,5.60048255107209
630,False,True,True,True,20.48674113679759,4.099510747133252,3.0206215625328925
631,False,True,True,True,13.852648630272261,5.223098754882898,3.676321123374271
632,True,True,True,True,12.62896563805935,8.748299999999972,0.39121795890196887
633,True,True,True,True,1.4853956842046847,0.063507080078125,1.4853956842046847
634,True,True,True,True,3.7075706694359805,4.043900000000008,3.7075706694359805
635,True,True,True,True,7.400119784708912,0.646270751953125,6.175801751975084
636,False,True,True,True,22.271780183636032,13.556151367187567,10.52167970035867
637,True,True,True,True,5.264846333256629,0.036895751953125,4.91909363853456
638,True,True,True,True,9.599317053479613,0.22268676757815342,1.6470935096950006
639,True,True,True,True,8.7404359931363,0.278167724609375,1.1743619669472767
640,True,True,False,True,12.839574223533186,5.542317998657211,8.841051887855604
641,True,True,True,True,3.3658121362876834,2.1968078613280966,0.425860863686779
642,True,True,True,True,4.117239324712002,8.515800000000013,4.117239324712002
643,True,True,True,True,10.649186148868777,5.89178466796875,8.938997239003207
644,True,True,True,True,9.38509203926115,3.347900390625,3.1237054625420955
645,False,False,False,False,406.73554667796236,23.60394287109375,1.5623539460709137
646,True,True,True,True,10.13724644417629,12.730300000000113,3.338875693000279
647,True,True,True,True,23.463682381054742,5.629599999999954,8.32326116037519
648,False,False,False,False,1577.2963744981537,10.021942138671875,6.108512653794455
649,True,True,True,True,8.937670819477487,10.697047189920909,4.408047549677369
650,True,True,True,True,11.041493513585825,6.802900000000022,4.2694426054083525
651,True,True,True,True,7.357007298671371,0.18276855468752728,7.265255779857475
652,True,True,True,True,11.64133893749217,8.48415982788083,5.09820874973808
653,True,False,False,True,63.15348996028251,8.723299999999995,10.279319651709372
654,True,True,True,True,12.449794177454054,5.550277709960966,12.449794177454054
655,True,True,True,True,10.814121240066479,15.970403613281292,5.039008906836226
656,True,True,True,True,9.26007265964175,2.3248825073242188,7.362266858313298
657,True,True,True,True,3.8858447722592033,7.188436656700048,3.8305750602236404
658,True,True,True,True,4.5543334137963924,8.828200000000038,4.5543334137963924
659,True,True,True,True,1.5632781561190157,14.025600000000054,1.5632781561190157
660,True,False,False,True,25.86872136301483,7.7510986328125,7.469893745235922
661,False,True,True,True,22.24357423045963,12.018499755859352,7.450721458411998
662,False,True,True,True,22.14971456189008,7.221259552994809,12.901505916167155
663,False,True,True,True,10.190318119460983,0.33260000000001355,5.928952252003845
664,True,True,True,True,5.0778920433218655,1.877248764038086,4.218951234369995
665,True,True,True,True,8.57808468975672,0.13629099999997152,8.57808468975672
666,True,True,True,True,6.824174899318847,5.56110000000001,6.824174899318847
667,False,False,False,False,3011.623890333068,46.53311416015612,0.9072777863757131
668,False,True,True,True,4.99650545673711,0.0,1.4615905393591404
669,True,True,True,True,19.24627331388438,0.028999999999882675,11.130057111393954
670,True,True,True,True,10.733764216870584,9.876678466796875,7.642726259932185
671,True,True,True,True,7.34343208318191,11.297398315429746,7.34343208318191
672,True,True,True,True,3.367411984904346,1.9976720081327812,3.367411984904346
673,True,True,True,True,4.653838713508908,5.5284910156249225,4.653838713508908
674,True,True,True,True,1.2154627187046243,3.507114257812532,1.2154627187046243
675,True,True,True,True,0.9904862001645818,1.712005615234375,0.9904862001645818
676,True,True,True,True,4.7750947618815385,1.6856404241748066,4.7750947618815385
677,True,True,True,True,21.48380686853074,12.749130468749968,2.889106562123609
678,True,True,True,True,2.4788349218874917,0.134765625,2.4788349218874917
679,True,True,True,True,6.640885231922559,6.617134094238281,3.54296984164395
680,True,True,True,True,16.46285959742967,0.09435999999999467,2.2951084704021976
681,True,True,True,True,10.371243666695309,1.0863999999999123,10.044862414389655
682,True,True,True,True,11.243673876448792,1.689235854755907,4.598571269684403
683,True,True,True,True,11.378252216901267,6.549418457031237,5.700179736525056
684,True,True,True,True,21.464669118788407,20.204132080078125,10.80083208604792
685,False,True,True,True,11.600527380395937,3.2893182039260864,8.108818906375435
686,True,True,True,True,6.495598663705866,1.0163124389691802,3.474367357205697
687,True,True,True,True,7.469782412232916,0.733396458512857,2.377850509933633
688,True,True,True,True,6.573235981324616,0.6592497892995084,6.573235981324616
689,True,True,True,True,5.592155573608456,2.097055888238799,5.592155573608456
690,False,True,False,True,2.4152386616058594,8.797259999999994,2.4152386616058594
691,True,True,True,True,12.206580242335,5.674000000000007,6.817866738225394
692,True,True,True,True,7.563150631472071,3.4924899999999752,4.912823491813751
693,False,True,False,True,16.910737236447943,3.1020107128008476,5.205385461295506
694,False,False,False,True,100.05121890732555,3.8672323330051768,10.44127744136808
695,True,True,True,True,23.593311948368274,0.8156672576511141,7.6731874394817785
696,True,True,True,True,4.804941160595166,9.846799999999917,2.631895732321382
697,True,True,True,True,8.442537844390676,1.0,8.442537844390676
698,True,True,True,True,6.842041943147638,24.349899999999934,4.348500796908464
699,True,True,True,True,6.642907085634098,0.20036550415915144,2.431834450968896
700,False,True,True,True,3.167206795025877,11.485720000000015,3.167206795025877
701,True,True,True,True,6.448289849806704,1.0,6.448289849806704
702,True,True,True,True,5.8295221464982685,1.0,5.8295221464982685
703,True,True,True,True,2.245597363409285,1.3204999999999245,2.245597363409285
704,True,True,True,True,1.1129967191952106,2.90859999999995,1.1129967191952106
705,True,True,True,True,10.10174738936381,2.0,6.722261897530989
706,True,True,True,True,5.2962902429562195,5.271156701431437,5.2962902429562195
707,True,True,True,True,11.039513371608326,6.302900000000022,7.971964170212534
708,True,True,True,True,6.796890521288411,4.273712158203125,6.796890521288411
709,True,True,True,True,1.262825277461574,4.0,1.262825277461574
710,True,True,True,True,11.991441496918641,0.0,7.724191729973604
711,True,True,True,True,5.048955687713524,7.0,3.6443790693690694
712,True,True,True,True,12.010207324573125,4.77447509765625,2.9666083875696643
713,True,True,True,True,2.103660925777572,10.060893261718746,2.103660925777572
714,True,True,True,True,13.51777987704126,8.566623730468763,4.307871408098712
715,True,True,True,True,2.3189077386053563,0.0,2.3189077386053563
716,True,True,True,True,2.0906457874946396,0.2465331992517008,2.0906457874946396
717,True,True,True,True,3.393060851781795,5.3011000000000195,3.393060851781795
718,True,True,True,True,10.532340609148985,1.7009746819149996,4.862094875371418
719,True,True,True,True,7.596833944038588,1.221184116154518,7.421643632790881
720,True,True,True,True,23.151981929592978,3.0,9.433912031781707
721,True,True,True,True,4.3258984376947645,8.0,4.3258984376947645
722,True,True,True,True,5.784807362841534,6.191286523437498,5.015010433633799
723,True,True,True,True,11.966900734582616,3.54803466796875,1.7945147150644531
724,True,True,True,True,3.2887503490617527,19.344800000000134,3.2887503490617527
725,True,True,True,True,22.94850839824304,0.855712890625,5.6033751382213906
726,False,False,False,True,29.144704344045724,12.597300000000018,8.017591633506342
727,True,True,True,True,13.35225129196936,10.999332427978516,7.24453835202352
728,True,True,True,True,5.801835381890819,3.0,5.801835381890819
729,True,True,True,True,16.744199263520738,1.1746248228620857,0.7455798834057036
730,True,True,True,True,2.852236629311054,1.0,2.852236629311054
731,True,True,True,True,10.6065495393185,9.2012939453125,3.579839534380749
732,True,True,True,True,19.899181143719623,22.961151123046875,4.822766775139964
733,True,True,True,True,14.64339769613658,13.798999999999978,1.2601184958076204
734,True,True,True,True,13.514382461504836,0.0,9.345695835940823
735,True,True,True,True,4.420854803432208,0.23374664619569785,4.420854803432208
736,True,True,True,True,13.136600498430722,0.553314208984375,2.567195179345982
737,True,True,True,True,6.686020425141614,5.0,6.686020425141614
738,True,True,True,True,5.739157067935551,0.0,5.739157067935551
739,True,True,True,True,4.006937540785239,4.6656489999999735,4.006937540785239
